Month,WTP (Water Treatment Plant),wtp,Liquid Aluminium Sulphate (Bulk),Kibbled Aluminium Sulphate (50kg / bag),Modified Liquid Alum (Bulk),Hydrated Lime (powder) (Bulk),Hydrated Lime (25kg / bag),Hydrated Lime (1000kg / bag),Liquid Chlorine (930kg / drum),Liquid Chlorine (68kg / Cylinder),Liquid Polyaluminium Chloride (Bulk),Liquid Polyaluminium Chloride (25kg / carboy),Flopam FO 4290 PWG (25kg / bag),Flopam FO 4190 PWG (25kg / bag),Flopam FA 920 PWG (25kg / bag),Flopam AH 912 PWG (25kg / bag),Flopam FL 4520 PWG (210kg / drum),Superfloc C 591 PWG (210kg / drum),Superfloc N300 PWG (25kg / drum),Sodium Silico Fluoride,Sodium Fluoride,Microsand (1000kg / bag),Aluminium Chlorohydrate (bulk),Potassium Permanganate (50kg / drum),Soda Ash (25kg / bag),Chloride of Lime (50kg / drum),Sodium Hypochlorite (25kg / carboy),Sodium Aluminosilicate (25kg / bag),Sodium Aluminosilicate (500kg / bag OR 100kg /bag),Sodium Hydroxide (Min 48%) (Bulk OR 25kg / carboy),Sodium Hydroxide (Min 10% - 15%) (Bulk OR 25kg / carboy),Sodium Meta Bisulphite (25kg / carboy),Citric Acid (25kg / carboy),Oxalic Acid (25kg / bag),Activated Carbon (25kg / bag),Activated Carbon (500kg / 1000kg per bag),Snowflake GHMW PWG (25kg/bag),Snowflake ROO PWG (500kg/bag),Flopam AN934 PWG (25kg/bag),Flopam AH 912 PWG (25kg / bag),Polymer Tianfloc C3080,Polymer C8030
Jan,"Bernam River Headworks
(Old & New)",Bernam River Headworks (New),58.21,0,0,4.6,13.175,0,0,7.82,0,0,0,0,0.225,0,0,0,0,1.65,0,0,0,0,0,0,0,0,0,0,0,0,0,0,0,0,0,0,0,0,0,0
Jan,Batang Kali,Batang Kali,0,3,0,0,0,0,0,0.68,0,0,0,0,0.025,0,0,0,0,0.25,0,0,0,0,6.325,0,0,0,0,0,0,0,0,0,0,0,0,0,0,0,0,0
Jan,Sungai Dusun,Sungai Dusun,0,0.55,0,0,0,0,0,0.272,0,0,0,0,0,0,0,0,0,0.05,0,0,0,0,1.325,0,0,0,0,0,0,0,0,0,0,0,0.009,0,0,0,0,0
Jan,Sungai Selisek,Sungai Selisek,0,0.85,0,0,0,0,0,0.136,0,0,0,0,0,0,0,0,0,0,0.125,0,0,0,1.55,0,0,0,0,0,0,0,0,0,0,0,0.0125,0,0,0,0,0
Jan,Sungai Tengi,Sungai Tengi,0,0.75,0,0,0,0,0,0.272,0,0,0,0,0,0,0,0,0,0,0.05,0,0,0,1.175,0,0,0,0,0,0,0,0,0,0,0,0.009,0,0,0,0,0
Jan,Kalumpang,Kalumpang,0,0.5,0,0,0,0,0,0.544,0,0,0,0,0,0,0,0,0,0.125,0,0,0,0,1.025,0.05,0,0,0,0,0,0,0,0,0,0,0,0,0,0,0,0
Jan,Kuala Kubu Bharu,Kuala Kubu Bharu,0,0.6,0,0,0,0,0,0.544,0,0,0,0,0,0,0,0,0,0.125,0,0,0,0,1.55,0,0,0,0,0,0,0,0,0,0,0,0,0,0,0,0,0
Jan,North Hummock,North Hummock,0,0,0,0,8.925,0,0,3.196,18.478,0,0,0,0,0,0,0,0,0.425,0,0,0,0,0,0.15,0,0,0,0,0,0,0,0.1,0,0,0.025,0,0,0,0,0
Jan,Rantau Panjang,Rantau Panjang New,0,0,0,0,3.85,0,0,3.06,21.354,0,0,0,0,0,0,0,0,0.7,0,0,0,0,0,0,0,0,0,0,0,0,0,0,0,0,0.025,0,0,0,0,0
Jan,Sungai Sireh,Sungai Sireh,0,0,0,0,9,0,3.72,0,0,0,0,0,0,0.3,0,4.41,0,0.4,0,0,44.49,0,0,0,0,0,0,0,0,0,0,0,0,0,0,0,0,0,0,0
Jan,Bukit Nanas,Bukit Nanas,79.89,0,0,31.5,0,0,19.53,0,0,0,0,0,0,0,0,0,0,2.5,0,0,0,0,0,0.45,0,0,0,0,0,0,0,0,0,0,0.025,0,0,0,0,0
Jan,Sungai Batu,Sungai Batu,132.394,0,0,28.26,5,0,16.74,0,0,0,0,0,0,0,0,0,0,2.95,0,0,0,0,0,0,0,0,0,0,0,0,0,0,0,0,0,0,0,0,0,0
Jan,Ampang Intake,Ampang Intake,0,11.05,0,0,1.7,0,0,1.36,0,0,0,0,0,0,0,0,0,0.3,0,0,0,0,9,0,0,0,0,0,0,0,0,0,0,0,0,0,0,0,0,0
Jan,Sungai Rangkap,Sungai Rangkap,0,0.3,0,0,0.95,0,0,1.02,0,0,0,0,0,0,0,0,0,0.18,0,0,0,0,0,0.012,0,0,0,0,0,0,0,0,0,0,0,0,0,0,0,0
Jan,Sungai Gombak,Sungai Gombak,0,8.5,0,0,4.2,0,0,2.72,0,0,0,0,0.075,0,0,0,0,0.725,0,0,0,0,0,0,0,0,0,0,0,0,0,0,0,0,0.025,0,0,0,0,0
Jan,Kepong,Kepong,0,0,0,0,0,0,0,0.204,0,0,0,0,0,0,0,0,0,0,0.1,0,0,0,0.35,0,0.1,0,0,0,0.05,0.05,0.05,0,0,0,0,0,0,0,0,0
Jan,Sungai Rumput,Sungai Rumput,0,0,0,0,0,0,0,0,0,0,0,0,0,0,0,0,0,0,0.025,0,0,0,0.075,0,0.075,0,0,0,0.075,0.025,0.05,0,0,0,0,0,0,0,0,0
Jan,Wangsa Maju,Wangsa Maju,38.458,0,0,6.961,0,0,6.18,0,0,0,0,0,0,0,0,0,0,0.775,0,0,0,0,0,0,0,0,0,0,0,0,0,0,0,0,0,0,0,0.075,0,0
Jan,SSP1,Sungai Selangor Fasa 1,0,0,0,0,0,0,0,0,0,0,0,0,0,0,0,0,0,0,0,0,0,0,0,0,0,0,0,0,0,0,0,0,0,0,0,0,0,0,0,0
Jan,SSP2,Sungai Selangor Fasa 2 Stream C,1056.1,0,0,392.57,0,0,244.385,0,0,0,11.387,0,0,0,0,0,0,23.431,0,70,0,0,0,0,0,0,0,0,0,0,0,0,0,0,0,0,0,0,0,0
Jan,SSP3,Sungai Selangor Fasa 3,0,0,0,0,0,0,0,0,0,0,0,0,0,0,0,0,0,0,0,0,0,0,0,0,0,0,0,0,0,0,0,0,0,0,0,0,0,0,0,0
Jan,Rasa,Rasa,0,0,0,0,0,0,0,0,0,0,0,0,0,0,0,0,0,0,0,0,0,0,0,0,0,0,0,0,0,0,0,0,0,0,0,0,0,0,0,0
Jan,Sungai Semenyih,Sungai Semenyih,583.27,0,0,276.02,0,0,106.02,0,0,0,0,0,0,0,1.68,0,0,12.86,0,0,0,0,0,0,0,0,0,0,0,0,0,0,0,0,0,2.785,0,0,0,0
Jan,Sungai Labu,Sungai Labu,0,0,0,0,0,8.136,11.178,0,40.607,0,0,0.125,0,0,0,0,0,1.275,0,0,0,0,0,0,0,0,0,0,0,0,0,0,0,0,0,0,0.025,0,0,0
Jan,Semenyih 2,Semenyih 2,0,0,0,13.38,0,0,17.683,0,108.435,0,0,0,0,0,0,0,0,2.075,0,0,0,0,0,0,0,0,0,0,0,0,0,0,0,0,0,0,0.005,0,0,0
Jan,Bukit Tampoi,Bukit Tampoi New,0,0,0,0,4.125,0,0,2.176,15.218,0,0,0,0,0,0,0,0,0.125,0,0,0,0,0.25,0,0,1.725,0,0,0,0,0,0,0,0,0,0,0,0,0,0
Jan,Salak Tinggi,Salak Tinggi,0,2.7,0,0,1.5,0,0,0.544,0,0,0,0,0,0,0,0,0.075,0,0,0,0,0,0,0,0,0,0,0,0,0,0,0,0,0,0,0,0,0,0,0
Jan,Labohan Dagang,Labohan Dagang,142.15,0,0,0,0,0,10.23,0,0,0,0.175,0,0,0,0,0,0,0.925,0,0,0,0,0,0,0,0,0,0,0,0,0,0,3.05,0,0,0,0.125,0,0,0
Jan,Sungai Langat,Sungai Langat,331.26,0,0,76.64,0,0,41.85,0,0,0,0,0,0,0,0,0,0,3.9,0,0,0,0,0,0,0,0,0,0,0,0,0,0,0,0,0.4,0,0,0,0,0
Jan,Cheras Mile 11,Cheras Batu 11,0,0,36.48,0,7.75,0,0,2.38,0,0,0,0,0,0,0,0,0,0.325,0,0,0,0,0,0,0,0,0,0,0,0,0,0,0,0,0.05,0,0,0,0,0
Jan,Sungai Serai,Sungai Serai,0,0,0,0,0,0,0,0,0,0.125,0,0,0,0,0,0,0,0,0.05,0,0,0,0.025,0,2,0,0,0,0,0,0,0,0,0,0,0,0,0,0,0
Jan,Sungai Pangsoon,Sungai Pangsoon,0,0,0,0,0,0,0,0.408,0,0,0,0,0,0,0,0,0,0,0.1,0,0,0,0,0,0,0,0,0,0,0,0,0,0,0,0,0,0,0,0,0
Jan,Sungai Lolo,Sungai Lolo - Baru,0,0,0,0,0,0,0,0.816,0,0,0,0,0,0,0,0,0,0,0.225,0,0,0,0.05,0,0,0,0,0,0,0,0,0,0,0,0,0,0,0,0,0
Jan,Langat 2,Langat 2,0,0,0,164.3,0,0,46.967,0,593.2,0,0,0,0,0.444,0,0,0,7.67,0,0,0,0,0,0,0,0,0,0,0,0,0,0,0,0,0,0,0,0,4.5,0
Feb,"Bernam River Headworks
(Old & New)",Bernam River Headworks (New),48.973,0,0,3.7,9.8,0,0,7.004,0,0,0,0,0.225,0,0,0,0,2,0,0,0,0,0,0,0,0,0,0,0,0,0,0,0,0,0,0,0,0,0,0
Feb,Batang Kali,Batang Kali,0,5,0,0,0,0,0,0.816,0,0,0,0,0,0,0,0,0,0.275,0,0,0,0,6.2,0,0,0,0,0,0,0,0,0,0,0,0,0,0,0,0,0
Feb,Sungai Dusun,Sungai Dusun,0,0.35,0,0,0,0,0,0.136,0,0,0,0,0,0,0,0,0,0.05,0,0,0,0,1.1,0,0,0,0,0,0,0,0,0,0,0,0.009,0,0,0,0,0
Feb,Sungai Selisek,Sungai Selisek,0,0.55,0,0,0,0,0,0.204,0,0,0,0,0,0,0,0,0,0,0.1,0,0,0,1,0,0,0,0,0,0,0,0,0,0,0,0.00104,0,0,0,0,0
Feb,Sungai Tengi,Sungai Tengi,0,0.6,0,0,0,0,0,0.204,0,0,0,0,0,0,0,0,0,0,0.1,0,0,0,0.825,0,0,0,0,0,0,0,0,0,0,0,0.009,0,0,0,0,0
Feb,Kalumpang,Kalumpang,0,0.3,0,0,0,0,0,0.544,0,0,0,0,0,0,0,0,0,0.125,0,0,0,0,0.875,0.05,0,0,0,0,0,0,0,0,0,0,0,0,0,0,0,0
Feb,Kuala Kubu Bharu,Kuala Kubu Bharu,0,0.4,0,0,0,0,0,0.476,0,0,0,0,0,0,0,0,0,0.15,0,0,0,0,1.55,0.05,0,0,0,0,0,0,0,0,0,0,0,0,0,0,0,0
Feb,North Hummock,North Hummock,0,0,0,0,12,0,0,4.08,16.658,0,0,0,0,0,0,0,0,0.35,0,0,0,0,0,0.15,0,0,0,0,0,0,0,0.075,0,0,0,0,0,0,0,0
Feb,Rantau Panjang,Rantau Panjang New,0,0,0,0,3.05,0,0,2.992,17.96,0,0,0,0,0,0,0,0,0.625,0,0,0,0,0,0,0,0,0,0,0,0,0,0,0,0,0.05,0,0,0,0,0
Feb,Sungai Sireh,Sungai Sireh,0,0,0,0,7,0,2.79,0,0,0,0,0,0,0.2,0,2.1,0,0.375,0,0,29.94,0,0,0,0,0,0,0,0,0,0,0,0,0,0,0,0,0,0,0
Feb,Bukit Nanas,Bukit Nanas,37.75,0,0,28,0,0,13.02,0,0,0,0,0,0,0,0,0,0,2.3,0,0,0,0,0,0.45,0,0,0,0,0,0,0,0,0,0,0.05,0,0,0,0,0
Feb,Sungai Batu,Sungai Batu,127.327,0,0,22.76,0,0,11.16,0,0,0,0,0,0,0,0,0,0,2.75,0,0,0,0,0,0.2,0,0,0,0,0,0,0,0,0,0,0,0,0,0,0,0
Feb,Ampang Intake,Ampang Intake,0,10.4,0,0,1.2,0,0,1.05,0,0,0,0,0,0,0,0,0,0.225,0,0,0,0,6.6,0,0,0,0,0,0,0,0,0,0,0,0,0,0,0,0,0
Feb,Sungai Rangkap,Sungai Rangkap,0,0,0,0,0.93,0,0,0.82,0,0,0,0,0,0,0,0,0,0.14,0,0,0,0,0.05,0,0,0,0,0,0,0,0,0,0,0,0,0,0,0,0,0
Feb,Sungai Gombak,Sungai Gombak,0,6.5,0,0,3.675,0,0,2.38,0,0,0,0,0.05,0,0,0,0,0.675,0,0,0,0,0,0.15,0,0,0,0,0,0,0,0,0,0,0.05,0,0,0,0,0
Feb,Kepong,Kepong,0,0,0,0,0,0,0,0.068,0,0,0,0,0,0,0,0,0,0,0.025,0,0,0,0.3,0,0.075,0,0,0,0.025,0.025,0.025,0,0,0,0,0,0,0,0,0
Feb,Sungai Rumput,Sungai Rumput,0,0,0,0,0,0,0,0.068,0,0,0,0,0,0,0,0,0,0,0,0,0,0,0.075,0,0.025,0,0,0,0,0.025,0.1,0,0,0,0,0,0,0,0,0
Feb,Wangsa Maju,Wangsa Maju,29.166,0,0,8.265,0,0,5.165,0,0,0,0,0,0,0,0,0,0,0.7,0,0,0,0,0,0,0,0,0,0,0,0,0,0,0,0,0,0,0,0.05,0,0
Feb,SSP1,Sungai Selangor Fasa 1,0,0,0,0,0,0,0,0,0,0,0,0,0,0,0,0,0,0,0,0,0,0,0,0,0,0,0,0,0,0,0,0,0,0,0,0,0,0,0,0
Feb,SSP2,Sungai Selangor Fasa 2 Stream C,895.73,0,0,352.203,0,0,232.052,0,0,0,10.051,0,0,0,0,0,0,22.346,0,118,0,0,0,0,0,0,0,0,0,0,0,0,0,0,0,0,0,0,0,0
Feb,SSP3,Sungai Selangor Fasa 3,0,0,0,0,0,0,0,0,0,0,0,0,0,0,0,0,0,0,0,0,0,0,0,0,0,0,0,0,0,0,0,0,0,0,0,0,0,0,0,0
Feb,Rasa,Rasa,0,0,0,0,0,0,0,0,0,0,0,0,0,0,0,0,0,0,0,0,0,0,0,0,0,0,0,0,0,0,0,0,0,0,0,0,0,0,0,0
Feb,Sungai Semenyih,Sungai Semenyih,533.68,0,0,253.72,0,0,102.3,0,0,0,0,0,0,0,0.84,0,0,12.24,0,0,0,0,0,0,0,0,0,0,0,0,0,0,0,0,0,1.72,0,0,0,0
Feb,Sungai Labu,Sungai Labu,0,0,0,0,0,6.157,11.235,0,37.699,0,0,0.1,0,0,0,0,0,1.1,0,0,0,0,0,0,0,0,0,0,0,0,0,0,0,0,0,0,0.1,0,0,0
Feb,Semenyih 2,Semenyih 2,0,0,0,9.54,0,0,16.294,0,133.9,0,0,0,0,0,0,0,0,1.8,0,0,0,0,0,0,0,0,0,0,0,0,0,0,0,0,0,0,0.125,0,0,0
Feb,Bukit Tampoi,Bukit Tampoi New,0,0,0,0,7.025,0,0,2.448,16.387,0,0,0,0,0,0,0,0,0.2,0,0,0,0,0.425,0,0,2.625,0,0,0,0,0,0,0,0,0,0,0,0,0,0
Feb,Salak Tinggi,Salak Tinggi,0,3.6,0,0,1.7,0,0,0.816,0,0,0,0,0,0,0,0,0,0.05,0,0,0,0,0,0,0,0,0,0,0,0,0,0,0,0,0,0,0,0,0,0
Feb,Labohan Dagang,Labohan Dagang,144.9,0,0,0,0,0,12.09,0,0,0,0.15,0,0,0,0,0,0,0.75,0,0,0,0,0,0,0,0,0,0,0,0,0,0,3.1,0,0,0,0.275,0,0,0
Feb,Sungai Langat,Sungai Langat,357.174,0,0,68.094,0,0,33.48,0,0,0,0,0,0,0,0,0,0,5.5,0,0,0,0,0,0,0,0,0,0,0,0,0,0,0,0,0.35,0,0,0,0,0
Feb,Cheras Mile 11,Cheras Batu 11,0,0,35.67,0,8,0,0,3.128,0,0,0,0,0,0,0,0,0,0.3,0,0,0,0,0,0,0,0,0,0,0,0,0,0,0,0,0.05,0,0,0,0,0
Feb,Sungai Serai,Sungai Serai,0,0,0,0,0,0,0,0,0,0,0,0,0,0,0,0,0,0,0.05,0,0,0,0,0,2.1,0,0,0,0,0,0,0,0,0,0,0,0,0,0,0
Feb,Sungai Pangsoon,Sungai Pangsoon,0,0,0,0,0,0,0,0.272,0,0,0,0,0,0,0,0,0,0,0.2,0,0,0,0,0,0,0,0,0,0,0,0,0,0,0,0,0,0,0,0,0
Feb,Sungai Lolo,Sungai Lolo - Baru,0,0,0,0,0,0,0,0.816,0,0,0,0,0,0,0,0,0,0,0.175,0,0,0,0,0,0,0,0,0,0,0,0,0,0,0,0,0,0,0,0,0
Feb,Langat 2,Langat 2,0,0,0,82.8,0,0,38.1,0,431.1,0,0,0,0,0.354,0,0,0,7.222,0,0,0,0,0,0,0,0,0,0,0,0,0,0,0,0,0,0,0,0,3.875,0
Mar,"Bernam River Headworks
(Old & New)",Bernam River Headworks (New),59.747,0,0,5.6,13.175,0,0,9.002,0,0,0,0,0.286,0,0,0,0,1.275,0,0,0,0,0,0,0,0,0,0,0,0,0,0,0,0,0,0,0,0,0,0
Mar,Batang Kali,Batang Kali,0,3,0,0,0,0,0,1.088,0,0,0,0,0.025,0,0,0,0,0.225,0,0,0,0,7.075,0,0,0,0,0,0,0,0,0,0,0,0,0,0,0,0,0
Mar,Sungai Dusun,Sungai Dusun,0,0.8,0,0,0,0,0,0.204,0,0,0,0,0,0,0,0,0,0.05,0,0,0,0,1.5,0,0,0,0,0,0,0,0,0,0,0,0.009,0,0,0,0,0
Mar,Sungai Selisek,Sungai Selisek,0,0.85,0,0,0,0,0,0.136,0,0,0,0,0,0,0,0,0,0,0.1,0,0,0,1.55,0,0,0,0,0,0,0,0,0,0,0,0.00416,0,0,0,0,0
Mar,Sungai Tengi,Sungai Tengi,0,0.85,0,0,0,0,0,0.204,0,0,0,0,0,0,0,0,0,0,0.05,0,0,0,1.225,0,0,0,0,0,0,0,0,0,0,0,0.009,0,0,0,0,0
Mar,Kalumpang,Kalumpang,0,0,0,0,0,0,0,0.408,0,0,0,0,0,0,0,0,0,0.125,0,0,0,0,0.75,0,0,0,0,0,0,0,0,0,0,0,0,0,0,0,0,0
Mar,Kuala Kubu Bharu,Kuala Kubu Bharu,0,0.2,0,0,0,0,0,0.544,0,0,0,0,0,0,0,0,0,0.15,0,0,0,0,1.525,0,0,0,0,0,0,0,0,0,0,0,0,0,0,0,0,0
Mar,North Hummock,North Hummock,0,0,0,0,8.55,0,0,3.264,23.551,0,0,0,0,0,0,0,0,0.45,0,0,0,0,0,0.15,0,0,0,0,0,0,0,0.1,0,0,0,0,0,0,0,0
Mar,Rantau Panjang,Rantau Panjang New,0,0,0,0,5.725,0,0,4.692,26.468,0,0,0,0,0,0,0,0,0.875,0,0,0,0,0,0.05,0,0,0,0,0,0,0,0,0,0,0.05,0,0,0,0,0
Mar,Sungai Sireh,Sungai Sireh,0,0,0,0,3.5,0,1.86,0,0,0,0,0,0,0.175,0,0,0,0,0,0,13.08,0,0,0,0,0,0,0,0,0,0,0,0,0,0,0,0,0,0,0
Mar,Bukit Nanas,Bukit Nanas,101.76,0,0,32.6,0,0,19.53,0,0,0,0,0,0,0,0,0,0,2.4,0,0,0,0,0,0.45,0,0,0,0,0,0,0,0,0,0,0.025,0,0,0,0,0
Mar,Sungai Batu,Sungai Batu,141.298,0,0,23.99,0,0,11.16,0,0,0,0,0,0,0,0,0,0,2.95,0,0,0,0,0,0.4,0,0,0,0,0,0,0,0,0,0,0,0,0,0,0,0
Mar,Ampang Intake,Ampang Intake,0,11.7,0,0,1.2,0,0,1.02,0,0,0,0,0,0,0,0,0,0.25,0,0,0,0,6,0,0,0,0,0,0,0,0,0,0,0,0,0,0,0,0,0
Mar,Sungai Rangkap,Sungai Rangkap,0,0.45,0,0,1.03,0,0,1.02,0,0,0,0,0,0,0,0,0,0.14,0,0,0,0,0,0,0,0,0,0,0,0,0,0,0,0,0,0,0,0,0,0
Mar,Sungai Gombak,Sungai Gombak,0,7.5,0,0,4.025,0,0,2.72,0,0,0,0,0.075,0,0,0,0,0.775,0,0,0,0,0,0,0,0,0,0,0,0,0,0,0,0,0.025,0,0,0.025,0,0
Mar,Kepong,Kepong,0,0,0,0,0,0,0,0.136,0,0,0,0,0,0,0,0,0,0,0.05,0,0,0,0.35,0,0.125,0,0,0,0.05,0.1,0.05,0,0,0,0,0,0,0,0,0
Mar,Sungai Rumput,Sungai Rumput,0,0,0,0,0,0,0,0,0,0,0,0,0,0,0,0,0,0,0.025,0,0,0,0.05,0,0.125,0,0,0,0.075,0.025,0,0,0,0,0,0,0,0,0,0
Mar,Wangsa Maju,Wangsa Maju,32.348,0,0,7.402,0,0,5.895,0,0,0,0,0,0,0,0,0,0,0.825,0,0,0,0,0,0,0,0,0,0,0,0,0,0,0,0,0,0,0,0.05,0,0
Mar,SSP1,Sungai Selangor Fasa 1,0,0,0,0,0,0,0,0,0,0,0,0,0,0,0,0,0,0,0,0,0,0,0,0,0,0,0,0,0,0,0,0,0,0,0,0,0,0,0,0
Mar,SSP2,Sungai Selangor Fasa 2 Stream C,1017.83,0,0,385.53,0,0,262.522,0,0,0,11.878,0,0,0,0,0,0,24.207,0,107,0,0,0,0,0,0,0,0,0,0,0,0,0,0,0,0,0,0,0,0
Mar,SSP3,Sungai Selangor Fasa 3,0,0,0,0,0,0,0,0,0,0,0,0,0,0,0,0,0,0,0,0,0,0,0,0,0,0,0,0,0,0,0,0,0,0,0,0,0,0,0,0
Mar,Rasa,Rasa,0,0,0,0,0,0,0,0,0,0,0,0,0,0,0,0,0,0,0,0,0,0,0,0,0,0,0,0,0,0,0,0,0,0,0,0,0,0,0,0
Mar,Sungai Semenyih,Sungai Semenyih,665.63,0,0,312.9,0,0,111.6,0,0,0,0,0,0,0,0.84,0,0,12.6,0,0,0,0,0,0,0,0,0,0,0,0,0,0,0,0,0,2.102,0,0,0,0
Mar,Sungai Labu,Sungai Labu,0,0,0,0,0,8.738,14.517,0,42.062,0,0,0.125,0,0,0,0,0,1.085,0,0,0,0,0,0,0,0,0,0,0,0,0,0,0,0,0,0,0.186,0,0,0
Mar,Semenyih 2,Semenyih 2,0,0,0,10.21,0,0,20.417,0,123.007,0,0,0,0,0,0,0,0,1.6,0,0,0,0,0,0,0,0,0,0,0,0,0,0,0,0,0,0,0.075,0,0,0
Mar,Bukit Tampoi,Bukit Tampoi New,0,0,0,0,9.25,0,0,3.332,27.013,0,0,0,0,0,0,0,0,0.225,0,0,0,0,1.725,0,0,7.475,0,0,0,0,0,0,0,0,0,0,0,0,0,0
Mar,Salak Tinggi,Salak Tinggi,0,3.6,0,0,1.45,0,0,1.088,0,0,0,0,0,0,0,0,0,0.075,0,0,0,0,0,0,0,0,0,0,0,0,0,0,0,0,0,0,0,0,0,0
Mar,Labohan Dagang,Labohan Dagang,141.36,0,0,0,0,0,9.3,0,0,0,0.125,0,0,0,0,0,0,0.7,0,0,0,0,0,0,0,0,0,0,0,0,0,0,2.8,0,0,0,0.175,0,0,0
Mar,Sungai Langat,Sungai Langat,551.93,0,0,109.446,0,0,66.96,0,0,0,0,0,0,0,0,0,0,7.4,0,0,0,0,0.8,0,0,0,0,0,0,0,0,0,0,0,0.4,0,0,0,0,0
Mar,Cheras Mile 11,Cheras Batu 11,0,0,52.64,0,11.25,0,0,4.08,0,0,0,0,0,0,0,0,0,0.35,0,0,0,0,0,0,0,0,0,0,0,0,0,0,0,0,0.075,0,0,0,0,0
Mar,Sungai Serai,Sungai Serai,0,0,0,0,0,0,0,0,0,0,0,0,0,0,0,0,0,0,0.05,0,0,0,0,0,1.6,0,0,0,0,0,0,0,0,0,0,0,0,0,0,0
Mar,Sungai Pangsoon,Sungai Pangsoon,0,0,0,0,0,0,0,0.408,0,0,0,0,0,0,0,0,0,0,0.2,0,0,0,0,0,0,0,0,0,0,0,0,0,0,0,0,0,0,0,0,0
Mar,Sungai Lolo,Sungai Lolo - Baru,0,0,0,0,0,0,0,0.816,0,0,0,0,0,0,0,0,0,0,0.225,0,0,0,0.075,0,0,0,0,0,0,0,0,0,0,0,0,0,0,0,0,0
Mar,Langat 2,Langat 2,0,0,0,68.7,0,0,33.632,0,351.7,0,0,0,0,0.418,0,0,0,5.763,0,0,0,0,0,0,0,0,0,0,0,0,0,0,0,0,0,0,0,0,2.625,0
Apr,"Bernam River Headworks
(Old & New)",Bernam River Headworks (New),46.856,0,0,6.4,13.5,0,0,8.092,0,0,0,0,0.8,0,0,0,0,1.25,0,0,0,0,0,0,0,0,0,0,0,0,0,0,0,0,0.1,0,0,0,0,0
Apr,Batang Kali,Batang Kali,0,6,0,0,0,0,0,0.816,0,0,0,0,0.025,0,0,0,0,0.35,0,0,0,0,8.35,0,0,0,0,0,0,0,0,0,0,0,0.025,0,0,0,0,0
Apr,Sungai Dusun,Sungai Dusun,0,0.6,0,0,0,0,0,0.136,0,0,0,0,0,0,0,0,0,0.075,0,0,0,0,1.4,0,0,0,0,0,0,0,0,0,0,0,0.009,0,0,0,0,0
Apr,Sungai Selisek,Sungai Selisek,0,1,0,0,0,0,0,0.136,0,0,0,0,0,0,0,0,0,0,0.1,0,0,0,1.55,0,0,0,0,0,0,0,0,0,0,0,0.0125,0,0,0,0,0
Apr,Sungai Tengi,Sungai Tengi,0,0.95,0,0,0,0,0,0.272,0,0,0,0,0,0,0,0,0,0,0.075,0,0,0,1.375,0.05,0,0,0,0,0,0,0,0,0,0,0.009,0,0,0,0,0
Apr,Kalumpang,Kalumpang,0,0.45,0,0,0,0,0,0.544,0,0,0,0,0,0,0,0,0,0.1,0,0,0,0,1.025,0.05,0,0,0,0,0,0,0,0,0,0,0.025,0,0,0,0,0
Apr,Kuala Kubu Bharu,Kuala Kubu Bharu,0,0.9,0,0,0,0,0,0.544,0,0,0,0,0,0,0,0,0,0.15,0,0,0,0,1.5,0,0,0,0,0,0,0,0,0,0,0,0.025,0,0,0,0,0
Apr,North Hummock,North Hummock,0,0,0,0,8.475,0,0,3.264,22.824,0,0,0,0,0,0,0,0,0.425,0,0,0,0,0,0.15,0,0,0,0,0,0,0,0.1,0,0,0,0,0,0,0,0
Apr,Rantau Panjang,Rantau Panjang New,0,0,0,0,5.225,0,0,4.352,28.379,0,0,0,0,0,0,0,0,0.85,0,0,0,0,0,0.1,0,0,0,0,0,0,0,0,0,0,0.075,0,0,0,0,0
Apr,Sungai Sireh,Sungai Sireh,0,0,0,0,5,0,2.79,0,0,0,0,0,0,0.2,0,0,0,0.425,0,0,14.13,0,0,0,0,0,0,0,0,0,0,0,0,0,0,0,0,0,0,0
Apr,Bukit Nanas,Bukit Nanas,77.34,0,0,36.67,0,0,19.53,0,0,0,0,0,0,0,0,0,0,2.7,0,0,0,0,0,0.8,0,0,0,0,0,0,0,0,0,0,0.05,0,0,0,0,0
Apr,Sungai Batu,Sungai Batu,140.157,0,0,22.8,1,0,11.16,0,0,0,0,0,0,0,0,0,0,2.85,0,0,0,0,0,0.3,0,0,0,0,0,0,0,0,0,0,0,0,0,0,0,0
Apr,Ampang Intake,Ampang Intake,0,11.7,0,0,0,1.2,0,1.36,0,0,0,0,0,0,0,0,0,0.3,0,0,0,0,7.2,0,0,0,0,0,0,0,0,0,0,0,0,0,0,0,0,0
Apr,Sungai Rangkap,Sungai Rangkap,0,0.75,0,0,1.25,0,0,0.81,0,0,0,0,0,0,0,0,0,0.11,0,0,0,0,0.2,0,0,0,0,0,0,0,0,0,0,0,0,0,0,0,0,0
Apr,Sungai Gombak,Sungai Gombak,0,9,0,0,4.375,0,0,2.72,0,0,0,0,0.05,0,0,0,0,0.7,0,0,0,0,0,0.05,0,0,0,0,0,0,0,0,0,0,0,0,0,0.025,0,0
Apr,Kepong,Kepong,0,0,0,0,0,0,0,0.204,0,0,0,0,0,0,0,0,0,0,0.1,0,0,0,0.35,0,0,0,0,0,0.075,0.025,0,0,0,0,0,0,0,0,0,0
Apr,Sungai Rumput,Sungai Rumput,0,0,0,0,0,0,0,0.068,0,0,0,0,0,0,0,0,0,0,0,0,0,0,0.1,0,0.025,0,0,0,0,0.1,0.1,0,0,0,0,0,0,0,0,0
Apr,Wangsa Maju,Wangsa Maju,35.783,0,0,9.244,0,0,6.885,0,0,0,0,0,0,0,0,0,0,0.775,0,0,0,0,0,0,0,0,0,0,0,0,0,0,0,0,0,0,0,0,0,0
Apr,SSP1,Sungai Selangor Fasa 1,0,0,0,0,0,0,0,0,0,0,0,0,0,0,0,0,0,0,0,0,0,0,0,0,0,0,0,0,0,0,0,0,0,0,0,0,0,0,0,0
Apr,SSP2,Sungai Selangor Fasa 2 Stream C,1238.95,0,0,381.75,0,0,255.699,0,0,0,15.692,0,0,0,0,0,0,25.432,0,135,0,0,0,0,0,0,0,0,0,0,0,0,0,0,0,0,0,0,0,0
Apr,SSP3,Sungai Selangor Fasa 3,0,0,0,0,0,0,0,0,0,0,0,0,0,0,0,0,0,0,0,0,0,0,0,0,0,0,0,0,0,0,0,0,0,0,0,0,0,0,0,0
Apr,Rasa,Rasa,0,0,0,0,0,0,0,0,0,0,0,0,0,0,0,0,0,0,0,0,0,0,0,0,0,0,0,0,0,0,0,0,0,0,0,0,0,0,0,0
Apr,Sungai Semenyih,Sungai Semenyih,741.19,0,0,286.82,0,0,92.07,0,0,0,0,0,0,0,3.78,0,0,10.58,0,0,0,0,0,0,0,0,0,0,0,0,0,0,0,0,0,0,0,0,0,0
Apr,Sungai Labu,Sungai Labu,0,0,0,0,0,8.014,13.802,0,40.072,0,0,0.125,0,0,0,0,0,1.225,0,0,0,0,0,0,0,0,0,0,0,0,0,0,0,0,0,0,0.15,0,0,0
Apr,Semenyih 2,Semenyih 2,0,0,0,11.8,0,0,20.38,0,147.307,0,0,0,0,0,0,0,0,1.425,0,0,0,0,0,0,0,0,0,0,0,0,0,0,0,0,0,0,0.075,0,0,0
Apr,Bukit Tampoi,Bukit Tampoi New,0,0,0,0,5.95,0,0,1.836,25.116,0,0,0,0,0,0,0,0,0.175,0,0,0,0,0.75,0,0,4.625,0,0,0,0,0,0,0,0,0.008,0,0,0,0,0
Apr,Salak Tinggi,Salak Tinggi,0,3.9,0,0,1.4,0,0,1.088,0,0,0,0,0,0,0,0,0,0.075,0,0,0,0,0,0,0,0,0,0,0,0,0,0,0,0,0,0,0,0,0,0
Apr,Labohan Dagang,Labohan Dagang,160.73,0,0,0,0,0,11.16,0,0,0,0.3,0,0,0,0,0,0,0.9,0,0,0,0,0,0,0,0,0,0,0,0,0,0,1.85,1.2,0,0,0.425,0,0,0
Apr,Sungai Langat,Sungai Langat,539.77,0,0,122.72,0,0,58.59,0,0,0,0,0,0.375,0,0,0,0,7.95,0,0,0,0,4.85,0,0,0,0,0,0,0,0,0,0,0,0.35,0,0,0,0,0
Apr,Cheras Mile 11,Cheras Batu 11,0,0,54.13,0,10.125,0,0,3.944,0,0,0,0,0,0,0,0,0,0.35,0,0,0,0,0,0,0,0,0,0,0,0,0,0,0,0,0.025,0,0,0,0,0
Apr,Sungai Serai,Sungai Serai,0,0,0,0,0,0,0,0,0,0.225,0,0,0,0,0,0,0,0,0.05,0,0,0,0.05,0,2.6,0,0,0,0,0,0,0,0,0,0,0,0,0,0,0
Apr,Sungai Pangsoon,Sungai Pangsoon,0,0,0,0,0,0,0,0.408,0,0,0,0,0,0,0,0,0,0,0.25,0,0,0,0,0,0,0,0,0,0,0,0,0,0,0,0,0,0,0,0,0
Apr,Sungai Lolo,Sungai Lolo - Baru,0,0,0,0,0,0,0,0.68,0,0,0,0,0,0,0,0,0,0,0.2,0,0,0,0.025,0,0,0,0,0,0,0,0,0,0,0,0,0,0,0,0,0
Apr,Langat 2,Langat 2,0,0,0,74.7,0,0,36.626,0,411.1,0,0,0,0,0.332,0,0,0,5.339,0,0,0,0,0,0,0,0,0,0,0,0,0,0,0,0,0,0,0,0,2.725,0
May,"Bernam River Headworks
(Old & New)",Bernam River Headworks (New),0,0,0,0,0,0,0,0,0,0,0,0,0,0,0,0,0,0,0,0,0,0,0,0,0,0,0,0,0,0,0,0,0,0,0,0,0,0,0,0
May,Batang Kali,Batang Kali,0,5,0,0,0,0,0,1.156,0,0,0,0,0.025,0,0,0,0,0.275,0,0,0,0,8.125,0,0,0,0,0,0,0,0,0,0,0,0,0,0,0,0,0
May,Sungai Dusun,Sungai Dusun,0,0.55,0,0,0,0,0,0.136,0,0,0,0,0,0,0,0,0,0.05,0,0,0,0,1.125,0,0,0,0,0,0,0,0,0,0,0,0.009,0,0,0,0,0
May,Sungai Selisek,Sungai Selisek,0,0.7,0,0,0,0,0,0.272,0,0,0,0,0,0,0,0,0,0,0.125,0,0,0,3,0,0,0,0,0,0,0,0,0,0,0,0,0,0,0,0,0
May,Sungai Tengi,Sungai Tengi,0,0.8,0,0,0,0,0,0.136,0,0,0,0,0,0,0,0,0,0,0.075,0,0,0,1.325,0,0,0,0,0,0,0,0,0,0,0,0.009,0,0,0,0,0
May,Kalumpang,Kalumpang,0,0,0,0,0,0,0,0.544,0,0,0,0,0,0,0,0,0,0.125,0,0,0,0,0.85,0,0,0,0,0,0,0,0,0,0,0,0,0,0,0,0,0
May,Kuala Kubu Bharu,Kuala Kubu Bharu,0,0.8,0,0,0,0,0,0.476,0,0,0,0,0,0,0,0,0,0.125,0,0,0,0,1.7,0,0,0,0,0,0,0,0,0,0,0,0,0,0,0,0,0
May,North Hummock,North Hummock,0,0,0,0,8.4,0,0,3.026,19.169,0,0,0,0,0,0,0,0,0.45,0,0,0,0,0,0.15,0,0,0,0,0,0,0,0.1,0,0,0,0,0,0,0,0
May,Rantau Panjang,Rantau Panjang New,0,0,0,0,6.35,0,0,4.08,35.555,0,0,0,0,0,0,0,0,0.85,0,0,0,0,0,0,0,0,0,0,0,0,0,0,0,0,0,0,0,0,0,0
May,Sungai Sireh,Sungai Sireh,0,0,0,0,6.5,0,2.79,0,0,0,0,0,0,0,0,0,0,0.475,0,0,24.11,0.275,0,0,0,0,0,0,0,0,0,0,0,0,0,0,0,0,0,0
May,Bukit Nanas,Bukit Nanas,79.55,0,0,43,0,0,19.53,0,0,0,0,0,0,0,0,0,0,3.1,0,0,0,0,0,0.3,0,0,0,0,0,0,0,0,0,0,0.025,0,0,0,0,0
May,Sungai Batu,Sungai Batu,138.539,0,0,20.66,4.5,0,11.16,0,0,0,0,0,0,0,0,0,0,2.95,0,0,0,0,0,0.1,0,0,0,0,0,0,0,0,0,0,0,0,0,0,0,0
May,Ampang Intake,Ampang Intake,0,9.1,0,0,1.2,0,0,1.02,0,0,0,0,0,0,0,0,0,0.3,0,0,0,0,7.2,0,0,0,0,0,0,0,0,0,0,0,0,0,0,0,0,0
May,Sungai Rangkap,Sungai Rangkap,0,0.9,0,0,1.3,0,0,1.02,0,0,0,0,0,0,0,0,0,0.15,0,0,0,0,0.2,0,0,0,0,0,0,0,0,0,0,0,0,0,0,0,0,0
May,Sungai Gombak,Sungai Gombak,0,11,0,0,4.9,0,0,2.72,0,0,0,0,0.1,0,0,0,0,0.725,0,0,0,0,0,0.1,0,0,0,0,0,0,0,0,0,0,0.05,0,0,0,0,0
May,Kepong,Kepong,0,0,0,0,0,0,0,0.136,0,0,0,0,0,0,0,0,0,0,0.05,0,0,0,0.3,0,0.15,0,0,0,0.05,0.025,0.25,0,0,0,0,0,0,0,0,0
May,Sungai Rumput,Sungai Rumput,0,0,0,0,0,0,0,0.068,0,0,0,0,0,0,0,0,0,0,0,0,0,0,0.075,0,0.1,0,0,0,0.075,0.025,0.025,0,0,0,0,0,0,0,0,0
May,Wangsa Maju,Wangsa Maju,35.16,0,0,9.11,0,0,7.39,0,0,0,0,0,0,0,0,0,0,0.78,0,0,0,0,0,0,0,0,0,0,0,0,0,0,0,0,0,0,0,0.05,0,0
May,SSP1,Sungai Selangor Fasa 1,0,0,0,0,0,0,0,0,0,0,0,0,0,0,0,0,0,0,0,0,0,0,0,0,0,0,0,0,0,0,0,0,0,0,0,0,0,0,0,0
May,SSP2,Sungai Selangor Fasa 2 Stream C,1357.48,0,0,434.68,0,0,262.826,0,0,0,18.181,0,0,0,0,0,0,27.708,0,116,0,0,0,0,0,0,0,0,0,0,0,0,0,0,0,0,0,0,0,0
May,SSP3,Sungai Selangor Fasa 3,0,0,0,0,0,0,0,0,0,0,0,0,0,0,0,0,0,0,0,0,0,0,0,0,0,0,0,0,0,0,0,0,0,0,0,0,0,0,0,0
May,Rasa,Rasa,0,0,0,0,0,0,0,0,0,0,0,0,0,0,0,0,0,0,0,0,0,0,0,0,0,0,0,0,0,0,0,0,0,0,0,0,0,0,0,0
May,Sungai Semenyih,Sungai Semenyih,764.39,0,0,292.08,0,0,92.07,0,0,0,0,0,0,0,3.99,0,0,10.33,0,0,0,0,0,0,0,0,0,0,0,0,0,0,0,0,0,0,0,1.098,0,0
May,Sungai Labu,Sungai Labu,0,0,0,0,0,7.008,14.029,0,43.049,0,0,0.1,0,0,0,0,0,1.4,0,0,0,0,0,0,0,0,0,0,0,0,0,0,0,0,0,0,0.025,0,0,0
May,Semenyih 2,Semenyih 2,0,0,0,7.31,0,0,17.648,0,149.311,0,0,0,0,0,0,0,0,1.55,0,0,0,0,0,0,0,0,0,0,0,0,0,0,0,1,0,0,0.05,0,0,0
May,Bukit Tampoi,Bukit Tampoi New,0,0,0,0,5.65,0,0,1.632,23.392,0,0,0,0,0,0,0,0,0.35,0,0,0,0,0.875,0,0,3.575,0,0,0,0,0,0,0,0,0.0165,0,0,0,0,0
May,Salak Tinggi,Salak Tinggi,0,3.3,0,0,1.3,0,0,0.272,0,0,0,0,0,0,0,0,0,0.075,0,0,0,0,0,0,0,0,0,0,0,0,0,0,0,0,0,0,0,0,0,0
May,Labohan Dagang,Labohan Dagang,142.12,0,0,0,0,0,9.3,0,0,0,0.25,0,0,0,0,0,0,0.45,0,0,0,0,0,0,0,0,0,0,0,0,0,0,0.05,3,0,0,0.3,0,0,0
May,Sungai Langat,Sungai Langat,544.436,0,0,111.2,0,0,65.1,0,0,0,0,0,0.1,0,0,0,0,8.25,0,0,0,0,1.8,0,0,0,0,0,0,0,0,0,0,0,0.35,0,0,0,0,0
May,Cheras Mile 11,Cheras Batu 11,0,0,44.69,0,9.125,0,0,2.72,0,0,0,0,0,0,0,0,0,0.4,0,0,0,0,0,0,0,0,0,0,0,0,0,0,0,0,0.1,0,0,0,0,0
May,Sungai Serai,Sungai Serai,0,0,0,0,0,0,0,0,0,0.075,0,0,0,0,0,0,0,0,0.05,0,0,0,0,0,2.6,0,0,0,0,0,0,0,0,0,0,0,0,0,0,0
May,Sungai Pangsoon,Sungai Pangsoon,0,0,0,0,0,0,0,0.408,0,0,0,0,0,0,0,0,0,0,0.25,0,0,0,0,0,0,0,0,0,0,0,0,0,0,0,0,0,0,0,0,0
May,Sungai Lolo,Sungai Lolo - Baru,0,0,0,0,0,0,0,0.816,0,0,0,0,0,0,0,0,0,0,0.25,0,0,0,0,0,0,0,0,0,0,0,0,0,0,0,0,0,0,0,0,0
May,Langat 2,Langat 2,0,0,0,65,0,0,36.773,0,474.5,0,0,0,0,0.361,0,0,0,5.777,0,0,0,0,0,0,0,0,0,0,0,0,0,0,0,0,0,0,0,0,9.825,0
Jun,"Bernam River Headworks
(Old & New)",Bernam River Headworks (New),41.473,0,0,4,15,0,0,8.092,0,0,0,0,0.35,0,0,0,0,1.35,0,0,6.2,0,0,0,0,0,0,0,0,0,0,0,0,0,0.15,0,0,0,0,0
Jun,Batang Kali,Batang Kali,0,5,0,0,0,0,0,1.156,0,0,0,0,0.025,0,0,0,0,0.375,0,0,0,0,8.025,0,0,0,0,0,0,0,0,0,0,0,0,0,0,0,0,0
Jun,Sungai Dusun,Sungai Dusun,0,0.45,0,0,0,0,0,0.204,0,0,0,0,0,0,0,0,0,0.05,0,0,0,0,1.125,0.05,0,0,0,0,0,0,0,0,0,0,0,0,0,0,0,0
Jun,Sungai Selisek,Sungai Selisek,0,1,0,0,0,0,0,0.272,0,0,0,0,0,0,0,0,0,0,0.1,0,0,0,1.75,0,0,0,0,0,0,0,0,0,0,0,0,0,0,0,0,0
Jun,Sungai Tengi,Sungai Tengi,0,5,0,0,0,0,0,0.204,0,0,0,0,0,0,0,0,0,0,0.075,0,0,0,1.125,0,0,0,0,0,0,0,0,0,0,0,0,0,0,0,0,0
Jun,Kalumpang,Kalumpang,0,0,0,0,0,0,0,0.408,0,0,0,0,0,0,0,0,0,0.1,0,0,0,0,0.7,0.05,0,0,0,0,0,0,0,0,0,0,0,0,0,0,0,0
Jun,Kuala Kubu Bharu,Kuala Kubu Bharu,0,0,0,0,0,0,0,0.476,0,0,0,0,0,0,0,0,0,0.125,0,0,0,0,0.9,0.05,0,0,0,0,0,0,0,0,0,0,0,0,0,0,0,0
Jun,North Hummock,North Hummock,0,0,0,0,8.85,0,0,3.427,20.359,0,0,0,0,0,0,0,0,0.45,0,0,0,0,0,0.18,0,0,0,0,0,0,0,0.12,0,0,0.025,0,0,0,0,0
Jun,Rantau Panjang,Rantau Panjang New,0,0,0,0,5.79,0,0,3.917,32.016,0,0,0,0,0,0,0,0,0.81,0,0,0,0,0,0,0,0,0,0,0,0,0,0,0,0,0.025,0,0,0,0,0
Jun,Sungai Sireh,Sungai Sireh,0,0,0,0,5,0,2.79,0,0,0,0,0,0,0.15,0,0,0,0.475,0,0,21.18,0,0,0,0,0,0,0,0,0,0,0,0,0,0,0,0,0,0,0
Jun,Bukit Nanas,Bukit Nanas,62.16,0,0,31.6,0,0,19.53,0,0,0,0,0,0,0,0,0,0,2.2,0,0,0,0,0,0.35,0,0,0,0,0,0,0,0,0,0,0.05,0,0,0,0,0
Jun,Sungai Batu,Sungai Batu,133.471,0,0,18.71,7.5,0,11.16,0,0,0,0,0,0,0,0,0,0,2.85,0,0,0,0,0,0.3,0,0,0,0,0.15,0,0,0,0,0,0,0,0,0,0,0
Jun,Ampang Intake,Ampang Intake,0,10.4,0,0,1.3,0,0,1.36,0,0,0,0,0,0,0,0,0,0.325,0,0,0,0,5.4,0,0,0,0,0,0,0,0,0,0,0,0,0,0,0,0,0
Jun,Sungai Rangkap,Sungai Rangkap,0,0.45,0,0,0.9,0,0,0.82,0,0,0,0,0,0,0,0,0,0.105,0,0,0,0,0.05,0,0,0,0,0,0,0,0,0,0,0,0,0,0,0,0,0
Jun,Sungai Gombak,Sungai Gombak,0,8,0,0,4.55,0,0,2.38,0,0,0,0,0.075,0,0,0,0,0.775,0,0,0,0,0,0.3,0,0,0,0,0,0,0,0,0,0,0.05,0,0,0,0,0
Jun,Kepong,Kepong,0,0,0,0,0,0,0,0.136,0,0,0,0,0,0,0,0,0,0,0.075,0,0,0,0.3,0,0.075,0,0,0,0,0.05,0.05,0,0,0,0,0,0,0,0,0
Jun,Sungai Rumput,Sungai Rumput,0,0,0,0,0,0,0,0,0,0,0,0,0,0,0,0,0,0,0.025,0,0,0,0.1,0,0.025,0,0,0,0.025,0.075,0.075,0,0,0,0,0,0,0,0,0
Jun,Wangsa Maju,Wangsa Maju,28.14,0,0,6.377,0,0,6.89,0,0,0,0,0,0,0,0,0,0,0.8,0,0,0,0,0,0,0,0,0,0,0,0,0,0,0,0,0,0,0,0.075,0,0
Jun,SSP1,Sungai Selangor Fasa 1,0,0,0,0,0,0,0,0,0,0,0,0,0,0,0,0,0,0,0,0,0,0,0,0,0,0,0,0,0,0,0,0,0,0,0,0,0,0,0,0
Jun,SSP2,Sungai Selangor Fasa 2 Stream C,1133.48,0,0,407.65,0,0,255.923,0,0,0,14.774,0,0,0,0,0,0,24.299,0,104,0,0,0,0,0,0,0,0,0,0,0,0,0,0,0,0,0,0,0,0
Jun,SSP3,Sungai Selangor Fasa 3,0,0,0,0,0,0,0,0,0,0,0,0,0,0,0,0,0,0,0,0,0,0,0,0,0,0,0,0,0,0,0,0,0,0,0,0,0,0,0,0
Jun,Rasa,Rasa,0,0,0,0,0,0,0,0,0,0,0,0,0,0,0,0,0,0,0,0,0,0,0,0,0,0,0,0,0,0,0,0,0,0,0,0,0,0,0,0
Jun,Sungai Semenyih,Sungai Semenyih,688.39,0,0,276.98,0,0,92.07,0,0,0,0,0,0,0,0.84,0,0,10.43,0,0,0,0,0,0,0,0,0,0,0,0,0,0,0,0,0,0,0,1.623,0,0
Jun,Sungai Labu,Sungai Labu,0,0,0,0,0,7.16,13.038,0,38.412,0,0,0.1,0,0,0,0,0,1.4,0,0,0,0,0,0,0,0,0,0,0,0,0,0,0,0,0,0,0,0,0,0
Jun,Semenyih 2,Semenyih 2,0,0,0,9.24,0,0,18.087,0,154.175,0,0,0,0,0,0,0,0,1.5,0,0,0,0,0,0,0,0,0,0,0,0,0,0,0,2,0,0,0.15,0,0,0
Jun,Bukit Tampoi,Bukit Tampoi New,0,0,0,0,5.725,0,0,2.584,24.208,0,0,0,0,0,0,0,0,0.275,0,0,0,0,1.35,0,0,2.25,0,0,0,0,0,0,0,0,0.017,0,0,0,0,0
Jun,Salak Tinggi,Salak Tinggi,0,3,0,0,1.3,0,0,0.476,0,0,0,0,0,0,0,0,0,0.075,0,0,0,0,0,0,0,0,0,0,0,0,0,0,0,0,0,0,0,0,0,0
Jun,Labohan Dagang,Labohan Dagang,140.64,0,0,0,0,0,12.09,0,0,0,0.275,0,0,0,0,0,0,0.95,0,0,0,0,0,0.6,0,0,0,0,0,0,0,0,0,4.63,0,0,0.65,0,0,0
Jun,Sungai Langat,Sungai Langat,495.051,0,0,120.284,0,0,58.59,0,0,0,0,0,0.05,0,0,0,0,6.95,0,0,0,0,1,0.45,0,0,0,0,0,0,0,0,0,0,0.45,0,0,0,0,0
Jun,Cheras Mile 11,Cheras Batu 11,0,0,43.59,0,10.5,0,0,3.06,0,0,0,0,0,0,0,0,0,0,0.35,0,0,0,0,0,0,0,0,0,0,0,0,0,0,0,0.025,0,0,0.05,0,0
Jun,Sungai Serai,Sungai Serai,0,0,0,0,0,0,0,0,0,0,0,0,0,0,0,0,0,0,0.05,0,0,0,0,0,2.1,0,0,0,0,0,0,0,0,0,0,0,0,0,0,0
Jun,Sungai Pangsoon,Sungai Pangsoon,0,0,0,0,0,0,0,0.408,0,0,0,0,0,0,0,0,0,0,0.2,0,0,0,0,0,0,0,0,0,0,0,0,0,0,0,0,0,0,0,0,0
Jun,Sungai Lolo,Sungai Lolo - Baru,0,0,0,0,0,0,0,0.816,0,0,0,0,0,0,0,0,0,0,0.175,0,0,0,0,0,0,0,0,0,0,0,0,0,0,0,0,0,0,0,0,0
Jun,Langat 2,Langat 2,0,0,0,58.66,0,0,34.909,0,370.4,0,0,0,0,0.34,0,0,0,5.308,0,0,0,0,0,0,0,0,0,0,0,0,0,0,0,0,0,0,0,0,6.525,0
Jul,"Bernam River Headworks
(Old & New)",Bernam River Headworks (New),55.722,0,0,6.92,0.5,0,0,8.636,0,0,0,0,0.425,0,0,0,0,0.4,0,0,0,0,0,0.1,0,0,0,0,0,0,0,0,0,0,0.05,0,0,0,0,0
Jul,Batang Kali,Batang Kali,0,5,0,0,0,0,0,0.816,0,0,0,0,0.025,0,0,0,0,0.275,0,0,0,0,7.35,0.05,0,0,0,0,0,0,0,0,0,0,0,0,0,0,0,0
Jul,Sungai Dusun,Sungai Dusun,0,0.6,0,0,0,0,0,0.136,0,0,0,0,0,0,0,0,0,0.075,0,0,0,0,1.075,0,0,0,0,0,0,0,0,0,0,0,0.009,0,0,0,0,0
Jul,Sungai Selisek,Sungai Selisek,0,0.65,0,0,0,0,0,0.204,0,0,0,0,0,0,0,0,0,0,0.1,0,0,0,2.2,0,0,0,0,0,0,0,0,0,0,0,0,0,0,0,0,0
Jul,Sungai Tengi,Sungai Tengi,0,0.5,0,0,0,0,0,0.204,0,0,0,0,0,0,0,0,0,0,0.05,0,0,0,1,0,0,0,0,0,0,0,0,0,0,0,0.009,0,0,0,0,0
Jul,Kalumpang,Kalumpang,0,0,0,0,0,0,0,0.408,0,0,0,0,0,0,0,0,0,0.1,0,0,0,0,1,0.05,0,0,0,0,0,0,0,0,0,0,0,0,0,0,0,0
Jul,Kuala Kubu Bharu,Kuala Kubu Bharu,0,0.5,0,0,0,0,0,0.544,0,0,0,0,0,0,0,0,0,0.15,0,0,0,0,1.45,0,0,0,0,0,0,0,0,0,0,0,0,0,0,0,0,0
Jul,North Hummock,North Hummock,0,0,0,0,9.9,0,0,2.856,20.731,0,0,0,0,0,0,0,0,0.375,0,0,0,0,0,0.15,0,0,0,0,0,0,0,0.125,0,0,0.025,0,0,0,0.025,0
Jul,Rantau Panjang,Rantau Panjang New,0,0,0,0,5.9,0,0,4.148,24.517,0,0,0,0,0,0,0,0,0.825,0,0,0,0,0,0,0,0,0,0,0,0,0,0,0,0,0,0,0,0,0,0
Jul,Sungai Sireh,Sungai Sireh,0,0,0,0,0,0,2.79,0,0,0,0,0,0,0.2,0,0,0,0.475,0,0,15.3,0,0,0.05,0,0,0,0,0,0,0,0,0,0,0,0,0,0,0,0
Jul,Bukit Nanas,Bukit Nanas,79.36,0,0,34.7,0,0,19.53,0,0,0,0,0,0,0,0,0,0,2.5,0,0,0,0,0,0.45,0,0,0,0,0,0,0,0,0,0,0.025,0,0,0,0,0
Jul,Sungai Batu,Sungai Batu,145.341,0,0,19.08,8,0,11.16,0,0,0,0,0,0,0,0,0,0,2.95,0,0,0,0,0,0.35,0,0,0,0,0,0,0,0,0,0,0,0,0,0,0,0
Jul,Ampang Intake,Ampang Intake,0,9.1,0,0,1.7,0,0,1.36,0,0,0,0,0,0,0,0,0,0.375,0,0,0,0,5.4,0,0,0,0,0,0,0,0,0,0,0,0,0,0,0,0,0
Jul,Sungai Rangkap,Sungai Rangkap,0,0.3,0,0,0.88,0,0,1.02,0,0,0,0,0,0,0,0,0,0.14,0,0,0,0,0.1,0,0,0,0,0,0,0,0,0,0,0,0,0,0,0,0,0
Jul,Sungai Gombak,Sungai Gombak,0,6,0,0,4.2,0,0,2.72,0,0,0,0,0.05,0,0,0,0,0.75,0,0,0,0,0,0.1,0,0,0,0,0,0,0,0,0,0,0,0,0,0.025,0,0
Jul,Kepong,Kepong,0,0,0,0,0,0,0,0.136,0,0,0,0,0,0,0,0,0,0,0.05,0,0,0,0.25,0,0.1,0,0,0.025,0,0.025,0.05,0,0,0,0,0,0,0,0,0
Jul,Sungai Rumput,Sungai Rumput,0,0,0,0,0,0,0,0.068,0,0,0,0,0,0,0,0,0,0,0.025,0,0,0,0.05,0,0.1,0,0,0,0.075,0.025,0.025,0,0,0,0,0,0,0,0,0
Jul,Wangsa Maju,Wangsa Maju,33.746,0,0,7.475,0,0,7.345,0,0,0,0,0,0,0,0,0,0,0.825,0,0,0,0,0,0,0,0,0,0,0,0,0,0,0,0,0,0,0,0.075,0,0
Jul,SSP1,Sungai Selangor Fasa 1,0,0,0,0,0,0,0,0,0,0,0,0,0,0,0,0,0,0,0,0,0,0,0,0,0,0,0,0,0,0,0,0,0,0,0,0,0,0,0,0
Jul,SSP2,Sungai Selangor Fasa 2 Stream C,988.85,0,0,383.94,0,0,243.429,0,0,0,12.778,0,0,0,0,0,0,24.478,0,96,0,0,0,0,0,0,0,0,0,0,0,0,0,0,0,0,0,0,0,0
Jul,SSP3,Sungai Selangor Fasa 3,0,0,0,0,0,0,0,0,0,0,0,0,0,0,0,0,0,0,0,0,0,0,0,0,0,0,0,0,0,0,0,0,0,0,0,0,0,0,0,0
Jul,Rasa,Rasa,0,0,0,0,0,0,0,0,0,0,0,0,0,0,0,0,0,0,0,0,0,0,0,0,0,0,0,0,0,0,0,0,0,0,0,0,0,0,0,0
Jul,Sungai Semenyih,Sungai Semenyih,672.13,0,0,283.03,0,0,94.86,0,0,0,0,0,0,0,2.1,0,0,10.73,0,0,0,0,0,0,0,0,0,0,0,0,0,0,0,0,0,0,0,2.372,0,0
Jul,Sungai Labu,Sungai Labu,0,0,0,0,0,8.055,13.62,0,39.173,0,0,0.125,0,0,0,0,0,1.353,0,0,0,0,0,0,0,0,0,0,0,0,0,0,0,0,0,0,0.025,0,0,0
Jul,Semenyih 2,Semenyih 2,0,0,0,11.51,0,0,18.713,0,143.668,0,0,0,0,0,0,0,0,1.55,0,0,0,0,0,0,0,0,0,0,0,0,0,0,0,2.568,0,0,0.15,0,0,0
Jul,Bukit Tampoi,Bukit Tampoi New,0,0,0,0,4.3,0,0,5.28,34.228,0,0,0,0,0,0,0,0,0.175,0,0,0,0,4.757,0.1,0,5.25,0,0,0,0,0,0,0,0,0.024,0,0,0,0,0
Jul,Salak Tinggi,Salak Tinggi,0,2.4,0,0,1.1,0,0,0.816,0,0,0,0,0,0,0,0,0,0.05,0,0,0,0,0,0,0,0,0,0,0,0,0,0,0,0,0,0,0,0,0,0
Jul,Labohan Dagang,Labohan Dagang,138.44,0,0,0,0,0,10.23,0,0,0,0.275,0,0,0,0,0,0,0.725,0,0,0,0,0,0.6,0,0,0,0,0,0,0,0,0,4.15,0,0,0.55,0,0,0
Jul,Sungai Langat,Sungai Langat,486.157,0,0,116.545,0,0,50.22,0,0,0,0,0,0.1,0,0,0,0,6.55,0,0,0,0,1,0.3,0,0,0,0,0,0,0,0,0,0,0.3,0,0,0,0,0
Jul,Cheras Mile 11,Cheras Batu 11,0,0,35.2,0,10.25,0,0,3.332,0,0,0,0,0,0,0,0,0,0.4,0,0,0,0,0,0.35,0,0,0,0,0,0,0,0,0,0,0,0,0,0.025,0,0
Jul,Sungai Serai,Sungai Serai,0,0,0,0,0,0,0,0,0,0,0,0,0,0,0,0,0,0,0.05,0,0,0,0,0,2,0,0,0,0,0,0,0,0,0,0,0,0,0,0,0
Jul,Sungai Pangsoon,Sungai Pangsoon,0,0,0,0,0,0,0,0.272,0,0,0,0,0,0,0,0,0,0,0.2,0,0,0,0,0,0,0,0,0,0,0,0,0,0,0,0,0,0,0,0,0
Jul,Sungai Lolo,Sungai Lolo - Baru,0,0,0,0,0,0,0,0.816,0,0,0,0,0,0,0,0,0,0,0.25,0,0,0,0.15,0,0,0,0,0,0,0,0,0,0,0,0,0,0,0,0,0
Jul,Langat 2,Langat 2,0,0,0,71,0,0,34.445,0,397.9,0,0,0,0,0.397,0,0,0,5.145,0,0,0,0,0,0,0,0,0,0,0,0,0,0,0,0,0,0,0,0,3.425,0
Aug,"Bernam River Headworks
(Old & New)",Bernam River Headworks (New),45.122,0,0,3.4,12.4,0,0,8.092,0,0,0,0,0.225,0,0,0,0,1.95,0,0,6.391,0,0,0,0,0,0,0,0,0,0,0,0,0,0.05,0,0,0,0,0
Aug,Batang Kali,Batang Kali,0,4,0,0,0,0,0,0.952,0,0,0,0,0.05,0,0,0,0,0.35,0,0,0,0,7.975,0,0,0,0,0,0,0,0,0,0,0,0,0,0,0,0,0
Aug,Sungai Dusun,Sungai Dusun,0,0.55,0,0,0,0,0,0.204,0,0,0,0,0,0,0,0,0,0.025,0,0,0,0,1.45,0,0,0,0,0,0,0,0,0,0,0,0.009,0,0,0,0,0
Aug,Sungai Selisek,Sungai Selisek,0,1.2,0,0,0,0,0,0.204,0,0,0,0,0,0,0,0,0,0,0.125,0,0,0,2.15,0,0,0,0,0,0,0,0,0,0,0,0.0064,0,0,0,0,0
Aug,Sungai Tengi,Sungai Tengi,0,0.95,0,0,0,0,0,0.204,0,0,0,0,0,0,0,0,0,0,0.075,0,0,0,1.4,0,0,0,0,0,0,0,0,0,0,0,0.009,0,0,0,0,0
Aug,Kalumpang,Kalumpang,0,0.5,0,0,0,0,0,0.544,0,0,0,0,0,0,0,0,0,0.1,0,0,0,0,1.1,0.05,0,0,0,0,0,0,0,0,0,0,0,0,0,0,0,0
Aug,Kuala Kubu Bharu,Kuala Kubu Bharu,0,0.5,0,0,0,0,0,0.544,0,0,0,0,0,0,0,0,0,0.125,0,0,0,0,1.3,0.05,0,0,0,0,0,0,0,0,0,0,0,0,0,0,0,0
Aug,North Hummock,North Hummock,0,0,0,0,6.775,0,0,2.448,25.096,0,0,0,0,0,0,0,0,0.4,0,0,0,0,0,0.15,0,0,0,0,0,0,0,0.075,0,0,0,0,0,0,0.025,0
Aug,Rantau Panjang,Rantau Panjang New,0,0,0,0,4.85,0,0,4.624,32.042,0,0,0,0,0,0,0,0,0.9,0,0,0,0,0,0.05,0,0,0,0,0,0,0,0,0,0,0,0,0,0,0,0
Aug,Sungai Sireh,Sungai Sireh,0,0,0,0,5,0,2.79,0,0,0,0,0,0,0.2,0,0.42,0,0.4,0,0,21.13,0,0,0.05,0,0,0,0,0,0,0,0,0,0,0,0,0,0,0,0
Aug,Bukit Nanas,Bukit Nanas,59.96,0,0,40.9,0,0,19.53,0,0,0,0,0,0,0,0,0,0,2.6,0,0,0,0,0,0.25,0,0,0,0,0,0,0,0,0,0,0.05,0,0,0,0,0
Aug,Sungai Batu,Sungai Batu,159.26,0,0,22.54,1,0,11.16,0,0,0,0,0,0,0,0,0,0,3,0,0,0,0,0,0.35,0,0,0,0,0,0,0,0,0,0,0,0,0,0,0,0
Aug,Ampang Intake,Ampang Intake,0,10.4,0,0,1.3,0,0,0.68,0,0,0,0,0,0,0,0,0,0.325,0,0,0,0,6,0,0,0,0,0,0,0,0,0,0,0,0,0,0,0,0,0
Aug,Sungai Rangkap,Sungai Rangkap,0,0.75,0,0,1.1,0,0,0.82,0,0,0,0,0,0,0,0,0,0.14,0,0,0,0,0.5,0,0,0,0,0,0,0,0,0,0,0,0,0,0,0,0,0
Aug,Sungai Gombak,Sungai Gombak,0,11.5,0,0,4.9,0,0,2.72,0,0,0,0,0.1,0,0,0,0,0.725,0,0,0,0,0,0.15,0,0,0,0,0,0,0,0,0,0,0,0,0,0.025,0,0
Aug,Kepong,Kepong,0,0,0,0,0,0,0,0.136,0,0,0,0,0,0,0,0,0,0,0.075,0,0,0,0.35,0,0.15,0,0,0,0.05,0.025,0.1,0,0,0,0,0,0,0,0,0
Aug,Sungai Rumput,Sungai Rumput,0,0,0,0,0,0,0,0,0,0,0,0,0,0,0,0,0,0,0,0,0,0,0.075,0,0.05,0,0,0,0.025,0.1,0.075,0,0,0,0,0,0,0,0,0
Aug,Wangsa Maju,Wangsa Maju,41.157,0,0,8.163,0,0,7.64,0,0,0,0,0,0,0,0,0,0,0.8,0,0,0,0,0,0,0,0,0,0,0,0,0,0,0,0,0,0,0,0.075,0,0
Aug,SSP1,Sungai Selangor Fasa 1,0,0,0,0,0,0,0,0,0,0,0,0,0,0,0,0,0,0,0,0,0,0,0,0,0,0,0,0,0,0,0,0,0,0,0,0,0,0,0,0
Aug,SSP2,Sungai Selangor Fasa 2 Stream C,1173.33,0,0,406.64,0,0,254.295,0,0,0,15.307,0,0,0,0,0,0,25.593,0,99,0,0,0,0,0,0,0,0,0,0,0,0,0,0,0,0,0,0,0,0
Aug,SSP3,Sungai Selangor Fasa 3,0,0,0,0,0,0,0,0,0,0,0,0,0,0,0,0,0,0,0,0,0,0,0,0,0,0,0,0,0,0,0,0,0,0,0,0,0,0,0,0
Aug,Rasa,Rasa,0,0,0,0,0,0,0,0,0,0,0,0,0,0,0,0,0,0,0,0,0,0,0,0,0,0,0,0,0,0,0,0,0,0,0,0,0,0,0,0
Aug,Sungai Semenyih,Sungai Semenyih,688.82,0,0,292.87,0,0,93.93,0,0,0,0,0,0,0,3.99,0,0,10,0,0,0,0,0,0,0,0,0,0,0,0,0,0,1.145,0,0,0,0,2.135,0,0
Aug,Sungai Labu,Sungai Labu,0,0,0,0,0,7.023,13.21,0,38.475,0,0,0.025,0,0,0,0,0,1.375,0,0,0,0,0,0,0,0,0,0,0,0,0,0,0,0,0,0,0.025,0,0,0
Aug,Semenyih 2,Semenyih 2,0,0,0,8.02,0,0,17.598,0,172.358,0,0,0,0,0,0,0,0,1.55,0,0,0,0,0,0,0,0,0,0,0,0,0,0,0,2.875,0,0,0.075,0,0,0
Aug,Bukit Tampoi,Bukit Tampoi New,0,0,0,0,9.325,0,0,3.74,25.525,0,0,0,0,0,0,0,0,0.29,0,0,0,0,3,0,0,6.1,0,0,0,0,0,0,0,0,0.017,0,0,0,0,0
Aug,Salak Tinggi,Salak Tinggi,0,3.9,0,0,1.6,0,0,0.544,0,0,0,0,0,0,0,0,0,0.1,0,0,0,0,0,0,0,0,0,0,0,0,0,0,0,0,0,0,0,0,0,0
Aug,Labohan Dagang,Labohan Dagang,190.59,0,0,0,0,0,13.02,0,0,0,0.325,0,0,0,0,0,0,1.15,0,0,0,0,0,0.1,0,0,0,0,0,0,0,0,0,5.35,0,0,0.175,0,0,0
Aug,Sungai Langat,Sungai Langat,535.408,0,0,110.97,0,0,58.59,0,0,0,0,0,0,0,0,0,0,7.85,0,0,0,0,0.5,0,0,0,0,0,0,0,0,0,0,0,0.2,0,0,0,0,0.2
Aug,Cheras Mile 11,Cheras Batu 11,0,0,35.53,0,9.375,0,0,3.06,0,0,0,0,0,0,0,0,0,0.375,0,0,0,0,0,0.05,0,0,0,0,0,0,0,0,0,0,0.025,0,0,0.05,0,0
Aug,Sungai Serai,Sungai Serai,0,0,0,0,0,0,0,0,0,0.15,0,0,0,0,0,0,0,0,0.05,0,0,0,0,0,2,0,0,0,0,0.025,0,0,0,0,0,0,0,0,0,0
Aug,Sungai Pangsoon,Sungai Pangsoon,0,0,0,0,0,0,0,0.408,0,0,0,0,0,0,0,0,0,0,0.25,0,0,0,0,0,0,0,0,0,0,0,0,0,0,0,0,0,0,0,0,0
Aug,Sungai Lolo,Sungai Lolo - Baru,0,0,0,0,0,0,0,0.68,0,0,0,0,0,0,0,0,0,0,0.175,0,0,0,0.025,0,0,0,0,0,0,0,0,0,0,0,0,0,0,0,0,0
Aug,Langat 2,Langat 2,0,0,0,56.7,0,0,36.205,0,390.6,0,0,0,0,0.356,0,0,0,5.155,0,0,0,0,0,0,0,0,0,0,0,0,0,0,0,0,0,0,0,0,4.075,0
Sep,"Bernam River Headworks
(Old & New)",Bernam River Headworks (New),46.745,0,0,4.1,14.25,0,0,8.16,0,0,0,0,0.275,0,0,0,0,2.25,0,0,5.137,0,0,0,0,0,0,0,0,0,0,0,0,0,0.125,0,0,0,0,0
Sep,Batang Kali,Batang Kali,0,5,0,0,0,0,0,1.088,0,0,0,0,0.025,0,0,0,0,0.25,0,0,0,0,6.8,0.1,0,0,0,0,0,0,0,0,0,0,0,0,0,0,0,0
Sep,Sungai Dusun,Sungai Dusun,0,0.5,0,0,0,0,0,0.204,0,0,0,0,0,0,0,0,0,0.075,0,0,0,0,1.15,0,0,0,0,0,0,0,0,0,0,0,0.009,0,0,0,0,0
Sep,Sungai Selisek,Sungai Selisek,0,0.9,0,0,0,0,0,0.136,0,0,0,0,0,0,0,0,0,0,0.1,0,0,0,2.3,0,0,0,0,0,0,0,0,0,0,0,0.0064,0,0,0,0,0
Sep,Sungai Tengi,Sungai Tengi,0,0.6,0,0,0,0,0,0.204,0,0,0,0,0,0,0,0,0,0,0.1,0,0,0,1.2,0.05,0,0,0,0,0,0,0,0,0,0,0.009,0,0,0,0,0
Sep,Kalumpang,Kalumpang,0,0.4,0,0,0,0,0,0.544,0,0,0,0,0,0,0,0,0,0.1,0,0,0,0,0.95,0.05,0,0,0,0,0,0,0,0,0,0,0,0,0,0,0,0
Sep,Kuala Kubu Bharu,Kuala Kubu Bharu,0,0.9,0,0,0,0,0,0.544,0,0,0,0,0,0,0,0,0,0.125,0,0,0,0,1.5,0.05,0,0,0,0,0,0,0,0,0,0,0,0,0,0,0,0
Sep,North Hummock,North Hummock,0,0,0,0,7.325,0,0,2.856,22.076,0,0,0,0,0,0,0,0,0.4,0,0,0,0,0,0.25,0,0,0,0,0,0,0,0.1,0,0,0,0,0,0,0.025,0
Sep,Rantau Panjang,Rantau Panjang New,0,0,0,0,5.675,0,0,2.992,27.943,0,0,0,0,0,0,0,0,0.875,0,0,0,0,0,0.05,0,0,0,0,0,0,0,0,0,0,0.06,0,0,0,0,0
Sep,Sungai Sireh,Sungai Sireh,0,0,0,0,5,0,2.79,0,0,0,0,0,0,0.2,0,0.42,0,0.4,0,0,21.13,0,0,0.5,0,0,0,0,0,0,0,0,0,0,0,0,0,0,0,0
Sep,Bukit Nanas,Bukit Nanas,60.1,0,0,35.8,0,0,19.53,0,0,0,0,0,0,0,0,0,0,2.2,0,0,0,0,0,0.3,0,0,0,0,0,0,0,0,0,0,0.025,0,0,0,0,0
Sep,Sungai Batu,Sungai Batu,148.578,0,0,15.12,13.5,0,15.81,0,0,0,0,0,0,0,0,0,0,2.9,0,0,0,0,0,0.4,0,0,0,0,0.5,0,0,0,0,0,0,0,0,0,0,0
Sep,Ampang Intake,Ampang Intake,0,9.75,0,0,1.2,0,0,1.02,0,0,0,0,0,0,0,0,0,0.325,0,0,0,0,6,0,0,0,0,0,0,0,0,0,0,0,0,0,0,0,0,0
Sep,Sungai Rangkap,Sungai Rangkap,0,0.6,0,0,0.63,0,0,1.22,0,0,0,0,0,0,0,0,0,0.16,0,0,0,0,0,0,0,0,0,0,0,0,0,0,0,0,0,0,0,0,0,0
Sep,Sungai Gombak,Sungai Gombak,0,10,0,0,4.2,0,0,2.38,0,0,0,0,0.075,0,0,0,0,0.625,0,0,0,0,0,0,0,0,0,0,0,0,0,0,0,0,0,0,0,0.075,0,0
Sep,Kepong,Kepong,0,0,0,0,0,0,0,0.068,0,0,0,0,0,0,0,0,0,0,0,0,0,0,0.15,0.025,0.075,0,0,0,0.05,0,0.075,0,0,0,0,0,0,0,0,0
Sep,Sungai Rumput,Sungai Rumput,0,0,0,0,0,0,0,0.068,0,0,0,0,0,0,0,0,0,0,0,0,0,0,0.075,0,0.05,0,0,0,0.05,0.05,0.05,0,0,0,0,0,0,0,0,0
Sep,Wangsa Maju,Wangsa Maju,30.464,0,0,8.591,0,0,7.842,0,0,0,0,0,0,0,0,0,0,0.8,0,0,0,0,0,0.05,0,0,0,0,0,0,0,0,0,0,0,0,0,0.075,0,0
Sep,SSP1,Sungai Selangor Fasa 1,0,0,0,0,0,0,0,0,0,0,0,0,0,0,0,0,0,0,0,0,0,0,0,0,0,0,0,0,0,0,0,0,0,0,0,0,0,0,0,0
Sep,SSP2,Sungai Selangor Fasa 2 Stream C,1094.16,0,0,383.98,0,0,234.855,0,0,0,15.33,0,0,0,0,0,0,23.039,0,98,0,0,0,0,0,0,0,0,0,0,0,0,0,0,0,0,0,0,0,0
Sep,SSP3,Sungai Selangor Fasa 3,0,0,0,0,0,0,0,0,0,0,0,0,0,0,0,0,0,0,0,0,0,0,0,0,0,0,0,0,0,0,0,0,0,0,0,0,0,0,0,0
Sep,Rasa,Rasa,0,0,0,0,0,0,0,0,0,0,0,0,0,0,0,0,0,0,0,0,0,0,0,0,0,0,0,0,0,0,0,0,0,0,0,0,0,0,0,0
Sep,Sungai Semenyih,Sungai Semenyih,679.2,0,0,238.42,0,0,77.19,0,0,0,0,0,0,0,3.15,0,0,8.99,0,0,0,0,0,0,0,0,0,0,0,0,0,0,1.71,0,0,0,0,0.519,0,0
Sep,Sungai Labu,Sungai Labu,0,0,0,0,0,7.007,12.674,0,36.953,0,0,0.05,0,0,0,0,0,1.4,0,0,0,0,0,0,0,0,0,0,0,0,0,0,0,0,0,0,0.125,0,0,0
Sep,Semenyih 2,Semenyih 2,0,0,0,7.675,0,0,17.545,0,155.313,0,0,0,0,0,0,0,0,1.5,0,0,0,0,0,0.05,0,0,0,0,0,0,0,0,0,2.747,0,0,0.05,0,0,0
Sep,Bukit Tampoi,Bukit Tampoi New,0,0,0,0,4.975,0,0,3.536,23.272,0,0,0,0,0,0,0,0,0.25,0,0,0,0,0.4,0.011,0,1.55,0,0,0,0,0,0,0,0,0.018,0,0,0,0,0
Sep,Salak Tinggi,Salak Tinggi,0,3.9,0,0,1.5,0,0,0.612,0,0,0,0,0,0,0,0,0,0.125,0,0,0,0,0,0,0,0,0,0,0,0,0,0,0,0,0,0,0,0,0,0
Sep,Labohan Dagang,Labohan Dagang,303.16,0,0,0,0,0,27.9,0,0,0,0.475,0,0,0,0,0,0,2,0,0,0,0,0,0.1,0,0,0,0,0,0,0,0,0,9.65,0,0,0.475,0,0,0
Sep,Sungai Langat,Sungai Langat,516.197,0,0,88,0,0,49.29,0,0,0,0,0,0,0,0,0,0,6.75,0,0,0,0,0.5,0.1,0,0,0,0,0,0,0,0,0,0,0.2,0,0,0,0,0.2
Sep,Cheras Mile 11,Cheras Batu 11,0,0,35.91,0,7.375,0,0,2.38,0,0,0,0,0,0,0,0,0,0.35,0,0,0,0,0,0,0,0,0,0,0,0,0,0,0,0,0,0,0,0.025,0,0
Sep,Sungai Serai,Sungai Serai,0,0,0,0,0,0,0,0,0,0.15,0,0,0,0,0,0,0,0,0.05,0,0,0,0.05,0,2.4,0,0,0,0,0,0,0,0,0,0,0,0,0,0,0
Sep,Sungai Pangsoon,Sungai Pangsoon,0,0,0,0,0,0,0,0.408,0,0,0,0,0,0,0,0,0,0,0.25,0,0,0,0,0,0,0,0,0,0,0,0,0,0,0,0,0,0,0,0,0
Sep,Sungai Lolo,Sungai Lolo - Baru,0,0,0,0,0,0,0,0.816,0,0,0,0,0,0,0,0,0,0,0.275,0,0,0,0,0,0,0,0,0,0,0,0,0,0,0,0,0,0,0,0,0
Sep,Langat 2,Langat 2,0,0,0,59,0,0,37.536,0,424.5,0,0,0,0,0.37,0,0,0,4.577,0,0,0,0,0,0,0,0,0,0,0,0,0,0,0,0,0,0,0,0,3.05,0
Oct,"Bernam River Headworks
(Old & New)",Bernam River Headworks (New),33.405,0,0,5.9,12.4,0,0,8.976,0,0,0,0,0.2,0,0,0,0,1.475,0,0,4.488,0,0,0.2,0,0,0,0,0,0,0,0,0,0,0.1,0,0,0,0,0
Oct,Batang Kali,Batang Kali,0,4,0,0,0,0,0,1.088,0,0,0,0,0.025,0,0,0,0,0.4,0,0,0,0,8.15,0.05,0,0,0,0,0,0,0,0,0,0,0,0,0,0,0,0
Oct,Sungai Dusun,Sungai Dusun,0,0.55,0,0,0,0,0,0.136,0,0,0,0,0,0,0,0,0,0.05,0,0,0,0,1.225,0,0,0,0,0,0,0,0,0,0,0,0.009,0,0,0,0,0
Oct,Sungai Selisek,Sungai Selisek,0,0.95,0,0,0,0,0,0.204,0,0,0,0,0,0,0,0,0,0,0.1,0,0,0,1.5,0,0,0,0,0,0,0,0,0,0,0,0.0093,0,0,0,0,0
Oct,Sungai Tengi,Sungai Tengi,0,0.8,0,0,0,0,0,0.204,0,0,0,0,0,0,0,0,0,0,0.025,0,0,0,1.425,0,0,0,0,0,0,0,0,0,0,0,0.009,0,0,0,0,0
Oct,Kalumpang,Kalumpang,0,0.4,0,0,0,0,0,0.544,0,0,0,0,0,0,0,0,0,0.125,0,0,0,0,0.925,0.05,0,0,0,0,0,0,0,0,0,0,0,0,0,0,0,0
Oct,Kuala Kubu Bharu,Kuala Kubu Bharu,0,1,0,0,0,0,0,0.544,0,0,0,0,0,0,0,0,0,0.125,0,0,0,0,1.35,0.05,0,0,0,0,0,0,0,0,0,0,0.025,0,0,0,0,0
Oct,North Hummock,North Hummock,0,0,0,0,11.3,0,0,3.264,20.295,0,0,0,0,0,0,0,0,0.375,0,0,0,0,0,0.15,0,0,0,0,0,0,0,0.1,0,0,0.025,0,0,0,0,0
Oct,Rantau Panjang,Rantau Panjang New,0,0,0,0,5.75,0,0,3.808,23.926,0,0,0,0,0,0,0,0,0.85,0,0,0,0,0,0.1,0,0,0,0,0,0,0,0,0,0,0.1,0,0,0,0,0
Oct,Sungai Sireh,Sungai Sireh,0,0,0,0,10,0,2.79,0,0,0,0,0,0,0.35,0,5.46,0,0.45,0,0,52.35,0,0,0,0,0,0,0,0,0,0,0,0,0,0,0,0,0,0,0
Oct,Bukit Nanas,Bukit Nanas,78.66,0,0,32.8,0,0,19.53,0,0,0,0,0,0,0,0,0,0,3.3,0,0,0,0,0,0.25,0,0,0,0,0,0,0,0,0,0,0.025,0,0,0,0,0
Oct,Sungai Batu,Sungai Batu,154.901,0,0,19.6,10.5,0,11.16,0,0,0,0,0,0,0,0,0,0,2.85,0,0,0,0,0,0.4,0,0,0,0,0,0,0,0,0,0,0,0,0,0,0,0
Oct,Ampang Intake,Ampang Intake,0,9.1,0,0,1.3,0,0,1.02,0,0,0,0,0,0,0,0,0,0.3,0,0,0,0,5.4,0,0,0,0,0,0,0,0,0,0,0,0,0,0,0,0,0
Oct,Sungai Rangkap,Sungai Rangkap,0,0.75,0,0,0.85,0,0,0.61,0,0,0,0,0,0,0,0,0,0.12,0,0,0,0,0,0.001,0,0,0,0,0,0,0,0,0,0,0,0,0,0,0,0
Oct,Sungai Gombak,Sungai Gombak,0,7.5,0,0,3.325,0,0,2.72,0,0,0,0,0.05,0,0,0,0,0.625,0,0,0,0,0,0,0,0,0,0,0,0,0,0,0,0,0,0,0,0.025,0,0
Oct,Kepong,Kepong,0,0,0,0,0,0,0,0.068,0,0,0,0,0,0,0,0,0,0,0.05,0,0,0,0.15,0,0.15,0,0,0,0.1,0.025,0,0,0,0,0,0,0,0,0,0
Oct,Sungai Rumput,Sungai Rumput,0,0,0,0,0,0,0,0,0,0,0,0,0,0,0,0,0,0,0.025,0,0,0,0.075,0,0.05,0,0,0,0.025,0.075,0.075,0,0,0,0,0,0,0,0,0
Oct,Wangsa Maju,Wangsa Maju,34.047,0,0,9.643,0,0,7.084,0,0,0,0,0,0,0,0,0,0,0.875,0,0,0,0,0,0.05,0,0,0,0,0,0,0,0,0,0,0,0,0,0.1,0,0
Oct,SSP1,Sungai Selangor Fasa 1,0,0,0,0,0,0,0,0,0,0,0,0,0,0,0,0,0,0,0,0,0,0,0,0,0,0,0,0,0,0,0,0,0,0,0,0,0,0,0,0
Oct,SSP2,Sungai Selangor Fasa 2 Stream C,1153.24,0,0,373.78,0,0,244.581,0,0,0,13.686,0,0,0,0,0,0,24.459,0,82,0,0,0,0,0,0,0,0,0,0,0,0,0,0,0,0,0,0,0,0
Oct,SSP3,Sungai Selangor Fasa 3,0,0,0,0,0,0,0,0,0,0,0,0,0,0,0,0,0,0,0,0,0,0,0,0,0,0,0,0,0,0,0,0,0,0,0,0,0,0,0,0
Oct,Rasa,Rasa,0,0,0,0,0,0,0,0,0,0,0,0,0,0,0,0,0,0,0,0,0,0,0,0,0,0,0,0,0,0,0,0,0,0,0,0,0,0,0,0
Oct,Sungai Semenyih,Sungai Semenyih,700.32,0,0,253.22,0,0,86.49,0,0,0,0,0,0,0,1.89,0,0,10.28,0,0,0,0,0,0,0,0,0,0,0,0,0,0,0,0,0,0,0,1.5957,0,0
Oct,Sungai Labu,Sungai Labu,0,0,0,0,0,6.008,9.758,0,30.727,0,0,0.075,0,0,0,0,0,1,0,0,0,0,0,0,0,0,0,0,0,0,0,0,0,0,0,0,0.15,0,0,0
Oct,Semenyih 2,Semenyih 2,0,0,0,11.77,0,0,17.159,0,162.952,0,0,0,0,0,0,0,0,1.5,0,0,0,0,0,0,0,0,0,0,0,0,0,0,0,2.714,0,0,0.1,0,0,0
Oct,Bukit Tampoi,Bukit Tampoi New,0,0,0,0,6.175,0,0,2.652,24.508,0,0,0,0,0,0,0,0,0.245,0,0,0,0,0.2,0,0,3.45,0,0,0,0,0,0,0,0,0.018,0,0,0,0,0
Oct,Salak Tinggi,Salak Tinggi,0,3.3,0,0,1.4,0,0,0.544,0,0,0,0,0,0,0,0,0,0.075,0,0,0,0,0,0,0,0,0,0,0,0,0,0,0,0,0,0,0,0,0,0
Oct,Labohan Dagang,Labohan Dagang,270.98,0,0,0,0,0,28.83,0,0,0,0.45,0,0,0,0,0,0,1.65,0,0,0,0,0,0,0,0,0,0,0,0,0,0,0,9.7,0,0,0.25,0,0,0
Oct,Sungai Langat,Sungai Langat,498.061,0,0,134.68,0,0,41.85,0,0,0,0,0,0.05,0,0,0,0,6.925,0,0,0,0,0.5,0.1,0,0,0,0,0,0,0,0,0,0,0.1,0,0,0,0,0.2
Oct,Cheras Mile 11,Cheras Batu 11,0,0,35.09,0,6.375,0,0,2.04,0,0,0,0,0,0,0,0,0,0.35,0,0,0,0,0,0.1,0,0,0,0,0,0,0,0,0,0,0,0,0,0.05,0,0
Oct,Sungai Serai,Sungai Serai,0,0,0,0,0,0,0,0,0,0.2,0,0,0,0,0,0,0,0,0.05,0,0,0,0,0,1.5,0,0,0,0,0,0,0,0,0,0,0,0,0,0,0
Oct,Sungai Pangsoon,Sungai Pangsoon,0,0,0,0,0,0,0,0.408,0,0,0,0,0,0,0,0,0,0,0.2,0,0,0,0,0,0,0,0,0,0,0,0,0,0,0,0,0,0,0,0,0
Oct,Sungai Lolo,Sungai Lolo - Baru,0,0,0,0,0,0,0,0.68,0,0,0,0,0,0,0,0,0,0,0.15,0,0,0,0.05,0,0,0,0,0,0,0,0,0,0,0,0,0,0,0,0,0
Oct,Langat 2,Langat 2,0,0,0,68.9,0,0,39.893,0,408.3,0,0,0,0,0.316,0,0,0,4.702,0,0,0,0,0,0,0,0,0,0,0,0,0,0,0,0,0,0,0,0,3.75,0
Nov,"Bernam River Headworks
(Old & New)",Bernam River Headworks (New),49.541,0,0,6.1,14.25,0,0,7.752,0,0,0,0,0.3,0,0,0,0,1.5,0,0,5.041,0,0,0,0,0,0,0,0,0,0,0,0,0,0,0,0,0.1,0,0
Nov,Batang Kali,Batang Kali,0,4,0,0,0,0,0,0.884,0,0,0,0,0.025,0,0,0,0,0.3,0,0,0,0,7.75,0.1,0,0,0,0,0,0,0,0,0,0,0,0,0,0,0,0
Nov,Sungai Dusun,Sungai Dusun,0,0.5,0,0,0,0,0,0.204,0,0,0,0,0,0,0,0,0,0.05,0,0,0,0,1.1,0,0,0,0,0,0,0,0,0,0,0,0.009,0,0,0,0,0
Nov,Sungai Selisek,Sungai Selisek,0,1.1,0,0,0,0,0,0.204,0,0,0,0,0,0,0,0,0,0,0.1,0,0,0,1.95,0,0,0,0,0,0,0,0,0,0,0,0.0102,0,0,0,0,0
Nov,Sungai Tengi,Sungai Tengi,0,0.65,0,0,0,0,0,0.272,0,0,0,0,0,0,0,0,0,0,0.075,0,0,0,1.375,0,0,0,0,0,0,0,0,0,0,0,0.009,0,0,0,0,0
Nov,Kalumpang,Kalumpang,0,0,0,0,0,0,0,0.544,0,0,0,0,0,0,0,0,0,0.125,0,0,0,0,0.925,0.05,0,0,0,0,0,0,0,0,0,0,0,0,0,0,0,0
Nov,Kuala Kubu Bharu,Kuala Kubu Bharu,0,1.4,0,0,0,0,0,0.544,0,0,0,0,0,0,0,0,0,0.15,0,0,0,0,1.8,0,0,0,0,0,0,0,0,0,0,0,0,0,0,0,0,0
Nov,North Hummock,North Hummock,0,0,0,0,9.45,0,0,2.856,18.386,0,0,0,0,0,0,0,0,0.4,0,0,0,0,0,0.2,0,0,0,0,0,0,0,0.1,0,0,0.025,0,0,0,0,0
Nov,Rantau Panjang,Rantau Panjang New,0,0,0,0,5.6,0,0,4.08,24.644,0,0,0,0,0,0,0,0,0.875,0,0,0,0,0,0.05,0,0,0,0,0,0,0,0,0,0,0.1,0,0,0,0,0
Nov,Sungai Sireh,Sungai Sireh,0,0,0,0,13,0,3.72,0,0,0,0,0,0,0.45,0,13.86,0,0.45,0,0,76.2,0,0,0,0,0,0,0,0,0,0,0,0,0,0,0,0,0,0,0
Nov,Bukit Nanas,Bukit Nanas,59.65,0,0,28.9,0,0,13.02,0,0,0,0,0,0,0,0,0,0,2.9,0,0,0,0,0,0.25,0,0,0,0,0,0,0,0,0,0,0.025,0,0,0,0,0
Nov,Sungai Batu,Sungai Batu,140.174,0,0,12.8,13,0,16.74,0,0,0,0,0,0,0,0,0,0,2.9,0,0,0,0,0,0.4,0,0,0,0,0,0,0,0,0,0,0,0,0,0,0,0
Nov,Ampang Intake,Ampang Intake,0,8.45,0,0,1.1,0,0,1.02,0,0,0,0,0,0,0,0,0,0.275,0,0,0,0,6,0,0,0,0,0,0,0,0,0,0,0,0,0,0,0,0,0
Nov,Sungai Rangkap,Sungai Rangkap,0,0.75,0,0,0.75,0,0,0.82,0,0,0,0,0,0,0,0,0,0,0,0,0,0,0,0,0,0,0,0,0,0,0,0,0,0,0,0,0,0,0,0
Nov,Sungai Gombak,Sungai Gombak,0,10,0,0,4.2,0,0,2.38,0,0,0,0,0.075,0,0,0,0,0.65,0,0,0,0,0,0.05,0,0,0,0,0,0,0,0,0,0,0,0,0,0.05,0,0
Nov,Kepong,Kepong,0,0,0,0,0,0,0,0.204,0,0,0,0,0,0,0,0,0,0,0.05,0,0,0,0.25,0,0.1,0,0,0,0.05,0.05,0.05,0,0,0,0,0,0,0,0,0
Nov,Sungai Rumput,Sungai Rumput,0,0,0,0,0,0,0,0.068,0,0,0,0,0,0,0,0,0,0,0,0,0,0,0.075,0,0.05,0,0,0,0.05,0.025,0.05,0,0,0,0,0,0,0,0,0
Nov,Wangsa Maju,Wangsa Maju,31.925,0,0,8.453,0,0,5.4,0,0,0,0,0,0,0,0,0,0,0.75,0,0,0,0,0,0,0,0,0,0,0,0,0,0,0,0,0,0,0,0.05,0,0
Nov,SSP1,Sungai Selangor Fasa 1,0,0,0,0,0,0,0,0,0,0,0,0,0,0,0,0,0,0,0,0,0,0,0,0,0,0,0,0,0,0,0,0,0,0,0,0,0,0,0,0
Nov,SSP2,Sungai Selangor Fasa 2 Stream C,1203.62,0,0,367.27,0,0,219.807,0,0,0,15.697,0,0,0,0,0,0,20.572,0,65,0,0,0,0,0,0,0,0,0,0,0,0,0,0,0,0,0,0,0,0
Nov,SSP3,Sungai Selangor Fasa 3,0,0,0,0,0,0,0,0,0,0,0,0,0,0,0,0,0,0,0,0,0,0,0,0,0,0,0,0,0,0,0,0,0,0,0,0,0,0,0,0
Nov,Rasa,Rasa,0,0,0,0,0,0,0,0,0,0,0,0,0,0,0,0,0,0,0,0,0,0,0,0,0,0,0,0,0,0,0,0,0,0,0,0,0,0,0,0
Nov,Sungai Semenyih,Sungai Semenyih,712.15,0,0,231.79,0,0,79.05,0,0,0,0,0,0,0,7.14,0,0,10.78,0,0,0,0,0,0,0,0,0,0,0,0,0,0,0,0,0,0,0,1.407,0,0
Nov,Sungai Labu,Sungai Labu,0,0,0,0,0,6.023,11.587,0,36.619,0,0,0.05,0,0,0,0,0,1.205,0,0,0,0,0,0,0,0,0,0,0,0,0,0,0,0,0,0,0.1,0,0,0
Nov,Semenyih 2,Semenyih 2,0,0,0,0,0,13.18,15.621,0,163.246,0,0,0,0,0,0,0,0,1.5,0,0,0,0,0,0,0,0,0,0,0,0,0,0,0,0.128,0,0,0.075,0,0,0
Nov,Bukit Tampoi,Bukit Tampoi New,0,0,0,0,4.975,0,0,2.513,24.927,0,0,0,0,0,0,0,0,0.245,0,0,0,0,1.05,0.004,0,1.95,0,0,0,0,0,0,0,0,0.0135,0,0,0,0,0
Nov,Salak Tinggi,Salak Tinggi,0,3.6,0,0,1.5,0,0,0.544,0,0,0,0,0,0,0,0,0,0.1,0,0,0,0,0,0,0,0,0,0,0,0,0,0,0,0,0,0,0,0,0,0
Nov,Labohan Dagang,Labohan Dagang,299.25,0,0,0,0,0,27.9,0,0,0,0.525,0,0,0,0,0,0,2,0,0,0,0,0,0,0,0,0,0,0,0,0,0,0,11,0,0,0.5,0,0,0
Nov,Sungai Langat,Sungai Langat,522.939,0,0,112.4,0,0,50.22,0,0,0,0,0,0.15,0,0,0,0,6.5,0,0,0,0,3.65,0.1,0,0,0,0,0,0,0,0,0,0,0.2,0,0,0,0,0.1
Nov,Cheras Mile 11,Cheras Batu 11,0,0,44.51,0,5.875,0,0,2.388,0,0,0,0,0,0,0,0,0,0.325,0,0,0,0,0,0,0,0,0,0,0,0,0,0,0,0,0,0,0,0.025,0,0
Nov,Sungai Serai,Sungai Serai,0,0,0,0,0,0,0,0,0,0.25,0,0,0,0,0,0,0,0,0.05,0,0,0,0.05,0,2.05,0,0,0,0,0,0,0,0,0,0,0,0,0,0,0
Nov,Sungai Pangsoon,Sungai Pangsoon,0,0,0,0,0,0,0,0.272,0,0,0,0,0,0,0,0,0,0,0.25,0,0,0,0,0,0,0,0,0,0,0,0,0,0,0,0,0,0,0,0,0
Nov,Sungai Lolo,Sungai Lolo - Baru,0,0,0,0,0,0,0,0.68,0,0,0,0,0,0,0,0,0,0,0.2,0,0,0,0,0,0,0,0,0,0,0,0,0,0,0,0,0,0,0,0,0
Nov,Langat 2,Langat 2,0,0,0,77.37,0,0,36.193,0,474.7,0,0,0,0,0.335,0,0,0,4.754,0,0,0,0,0,0,0,0,0,0,0,0,0,0,0,0,0,0,0,0,2.75,0
