Month,WTP,New WTP,SIpH,SIDO,SISS,SIBOD,SICOD,SIAN,WQI
1/31/2021,Bernam River Headworks,Bernam River Headworks (New),99.35,81.1963648,60.77251842,95.6201,81.677,53.54562921,78.8
1/31/2021,Rantau Panjang,Rantau Panjang New,97.828693,94.0551414,45.41001156,93.4628,86.066,82.74593147,83.6
1/31/2021,North Hummock,North Hummock,69.964888,44.5128608,91.06289964,93.5897,75.559,77.4,74.2
1/31/2021,Batang Kali,Batang Kali,99.242468,100,95.09892502,96.3815,90.987,80.55,94.1
1/31/2021,Kuala Kubu Bharu,Kuala Kubu Bharu,93.832453,100,94.50957173,93.8435,94.445,90,94.8
1/31/2021,Kalumpang,Kalumpang,96.9425,100,95.69261497,89.7827,94.711,92.1,95
1/31/2021,Sungai Selisek,Sungai Selisek,99.160048,82.8402,77.31244979,96.7622,89.657,91.05,88.9
1/31/2021,Sungai Dusun,Sungai Dusun,99.24832,97.1711714,96.29067101,98.0735,59.93182753,83.7,89.5
1/31/2021,Sungai Tengi,Sungai Tengi,95.9968,100,89.39578585,98.5388,93.514,85.8,94.4
1/31/2021,Sungai Selangor Fasa 2,Sungai Selangor Fasa 2 Stream C,96.764032,72.5161376,87.76515196,93.209,86.332,78.45,84.9
1/31/2021,Sungai Sireh,Sungai Sireh,84.042052,90.0542742,72.4582,94.0973,46.79979058,81.6,79.1
1/31/2021,Sungai Langat,Sungai Langat,98.371813,86.3802704,70.38146615,96.17,88.46,88.95,87.8
1/31/2021,Bukit Tampoi,Bukit Tampoi New,93.446692,89.7744768,57.45202563,93.0821,83.938,77.17911705,82.8
1/31/2021,Cheras Batu 11,Cheras Batu 11,97.679573,68.1049248,64.96985464,96.2123,92.317,73.2,81.1
1/31/2021,Salak Tinggi,Salak Tinggi,94.9177,18.7346,71.2027333,95.8739,82.608,88.95,71.7
1/31/2021,Sungai Pangsoon,Sungai Pangsoon,99.026413,100,97.5,97.6505,96.839,90,97
1/31/2021,Sungai Lolo,Sungai Lolo - Baru,98.784155,90.3307344,96.29067101,93.209,85.002,92.1,92.3
1/31/2021,Sungai Serai,Sungai Serai,98.287955,97.1711714,97.5,97.5236,94.445,87.9,95.6
1/31/2021,Bukit Nanas,Bukit Nanas,92.499893,0,96.29067101,96.9737,90.322,78.08338538,71.1
1/31/2021,Sungai Batu,Sungai Batu,98.98688,100,96.29067101,96.7199,89.391,82.65,94.4
1/31/2021,Sungai Gombak,Sungai Gombak,94.33502,100,95.09892502,94.7741,94.312,77.4,93.2
1/31/2021,Ampang Intake,Ampang Intake,85.954595,96.6960416,55.71669961,96.3392,90.056,83.7,85.8
1/31/2021,Sungai Rangkap,Sungai Rangkap,93.832453,100,93.9245259,94.7318,90.455,73.2,91.7
1/31/2021,Kepong,Kepong,95.499755,100,96.29067101,97.2698,92.051,90,95.6
1/31/2021,Sungai Rumput,Sungai Rumput,90.562555,100,93.9245259,96.3392,88.726,87.9,93.6
1/31/2021,Wangsa Maju,Wangsa Maju,99.518788,6.067725,96.29067101,95.7047,90.189,79.91983869,73.3
1/31/2021,Sungai Semenyih,Sungai Semenyih,98.178148,54.0996,51.94894928,95.5778,73.47231224,80.85223858,74
1/31/2021,Sungai Labu,Sungai Labu,99.160048,40.9440224,96.89312275,95.7047,90.189,73.2,80
1/31/2021,Semenyih 2,Semenyih 2,98.930653,22.0928114,95.69261497,94.8587,82.608,85.66038147,76.1
1/31/2021,Sungai Selangor Fasa 1,Sungai Selangor Fasa 1,96.764032,93.0634832,58.33416685,92.9129,82.741,85.16837405,85.1
1/31/2021,Rasa,Rasa,99.425173,90.603825,92.76724071,94.3088,91.785,75.3,90.6
1/31/2021,Sungai Selangor Fasa 3,Sungai Selangor Fasa 3 Stage 1,96.580228,79.1291342,63.883794,91.8977,87.13,87.9,83.8
1/31/2021,Langat 2,Langat 2,96.580228,100,78.23894962,97.3967,87.396,95.25,92.9
1/31/2021,Labohan Dagang,Labohan Dagang,96.196612,83.98,97.5,93.4628,85.933,92.1,90.9
1/31/2022,Sungai Sireh,Sungai Sireh,,,,,,,69.4
1/31/2022,Bernam River Headworks,Bernam River Headworks,,,,,,,83.4
1/31/2022,RANTAU PANJANG,Rantau Panjang New,,,,,,,81
1/31/2022,North Hummock,North Hummock,,,,,,,75.9
1/31/2022,Batang Kali,Batang Kali,,,,,,,92.1
1/31/2022,Kuala Kubu Baru,Kuala Kubu Bharu,,,,,,,94.8
1/31/2022,Kalumpang,Kalumpang,,,,,,,94.3
1/31/2022,Sungai Selisek,Sungai Selisek,,,,,,,84.3
1/31/2022,Sungai Dusun,Sungai Dusun,,,,,,,89.2
1/31/2022,Sungai Tengi,Sungai Tengi,,,,,,,91.3
1/31/2022,Wangsa Maju,Wangsa Maju,,,,,,,73.7
1/31/2022,Bukit Nanas,Bukit Nanas,,,,,,,77.6
1/31/2022,Sungai Batu,Sungai Batu,,,,,,,73.4
1/31/2022,Sungai Gombak,Sungai Gombak,,,,,,,95.5
1/31/2022,Ampang Intake,Ampang Intake,,,,,,,94.4
1/31/2022,Sungai Rangkap,Sungai Rangkap,,,,,,,92.7
1/31/2022,Kepong,Kepong,,,,,,,94.9
1/31/2022,Sungai Rumput,Sungai Rumput,,,,,,,92.6
1/31/2022,Sungai Selangor Fasa 1,Sungai Selangor Fasa 1,,,,,,,81.9
1/31/2022,Sungai Selangor Fasa 3,Sungai Selangor Fasa 3 Stage 1,,,,,,,75.4
1/31/2022,Rasa,Rasa,,,,,,,84.5
1/31/2022,Bukit Tampoi,Bukit Tampoi,,,,,,,91.9
1/31/2022,Salak Tinggi,Salak Tinggi,,,,,,,79.4
1/31/2022,Sungai Semenyih,Sungai Semenyih,,,,,,,81.6
1/31/2022,Sungai Labu,Sungai Labu,,,,,,,88
1/31/2022,Semenyih 2,Semenyih 2,,,,,,,88.4
1/31/2022,Labohan Dagang,Labohan Dagang,,,,,,,88.7
1/31/2022,Sungai Langat,Sungai Langat,,,,,,,91.3
1/31/2022,Cheras Batu 11,Cheras Batu 11,,,,,,,91
1/31/2022,Sungai Pangsoon,Sungai Pangsoon,,,,,,,93.9
1/31/2022,Sungai Lolo,Sungai Lolo,,,,,,,92.3
1/31/2022,Sungai Serai,Sungai Serai,,,,,,,92.9
1/31/2022,Langat 2,Langat 2,,,,,,,92.9
1/31/2022,Intake Semantan (Langat 2),Intake Semantan (Langat 2),,,,,,,90.4
10/31/2021,BERNAM RIVER HEADWORKS,Bernam River Headworks (New),97.7548,92.9046624,76.39973485,92.9552,90.189,82.74593147,88.9
10/31/2021,RANTAU PANJANG,Rantau Panjang New,98.287955,90.603825,83.58961808,94.6049,87.529,72.79316921,88
10/31/2021,NORTH HUMMOCK,North Hummock,87.5212,6.6278944,95.69261497,89.2751,74.096,77.6300991,67.7
10/31/2021,BATANG KALI,Batang Kali,98.777008,83.2996432,96.89312275,93.9281,90.987,81.79423265,90.4
10/31/2021,KUALA KUBU BARU,Kuala Kubu Bharu,99.116837,100,96.89312275,94.6049,97.105,92.1,96.7
10/31/2021,KALUMPANG,Kalumpang,98.4337,100,96.89312275,94.055,96.174,87.9,95.8
10/31/2021,SELISEK,Sungai Selisek,98.042368,89.5861072,91.06289964,97.9043,92.716,74.0856644,90.6
10/31/2021,SG DUSUN,Sungai Dusun,96.853933,100,96.89312275,98.1581,93.913,75.3,94.1
10/31/2021,SG TENGI,Sungai Tengi,97.828693,100,94.50957173,93.3359,88.992,81.6,93.1
10/31/2021,SG BUAYA,Unknown,,,,,,,
1/31/2022,Sungai Selangor Fasa 2 Stream C,Sungai Selangor Fasa 2 Stream C,,,,,,,82.3
10/31/2021,SG SIREH,Sungai Sireh,94.9177,68.3855696,84.61040919,96.0854,48.18530554,87.15170205,79
10/31/2021,SG LANGAT,Sungai Langat,98.371813,86.9042134,83.08487939,87.1178,91.12,78.08338538,87.1
10/31/2021,BUKIT TAMPOI,Bukit Tampoi New,98.110925,16.3698,72.88305864,91.7708,84.47,17.0061847,60.5
10/31/2021,CHERAS MILE 11,Cheras Batu 11,98.494253,61.5026,88.30468878,87.71,88.194,71.10007401,80.9
10/31/2021,SALAK TINGGI,Salak Tinggi,97.972477,13.6849488,78.23894962,85.3412,84.47,68.62362696,67.3
10/31/2021,SG PANGSOON,Sungai Pangsoon,96.431555,100,96.89312275,92.0669,85.268,92.1,94
10/31/2021,SG LOLO,Sungai Lolo - Baru,99.600397,97.068975,96.29067101,91.2632,95.11,90,94.8
10/31/2021,SG SERAI,Sungai Serai,99.0595,100,96.89312275,94.0973,95.11,87.9,95.7
10/31/2021,BUKIT NANAS,Bukit Nanas,92.777077,2.6248272,94.50957173,93.209,93.647,80.55,71.6
10/31/2021,SG BATU,Sungai Batu,98.371813,77.6259254,96.89312275,91.517,88.327,86.65203084,88.9
10/31/2021,GOMBAK,Sungai Gombak,98.868875,100,95.09892502,92.8283,95.11,73.2,92.9
10/31/2021,AMPANG INTAKE,Ampang Intake,97.242355,100,89.94740053,94.055,96.839,75.3,92.7
10/31/2021,SG RANGKAP,Sungai Rangkap,94.446955,100,96.89312275,91.0517,94.711,79.5,93.2
10/31/2021,KEPONG,Kepong,97.389995,100,96.29067101,89.6558,93.647,85.8,94
10/31/2021,SG RUMPUT,Sungai Rumput,92.769755,100,95.09892502,89.7827,93.514,81.6,92.6
10/31/2021,WANGSA MAJU,Wangsa Maju,97.60238,22.4768,96.89312275,92.786,91.785,78.53898913,76.3
10/31/2021,SG SEMENYIH,Sungai Semenyih,95.687077,29.5692706,79.17942196,90.671,84.337,73.2,72.4
10/31/2021,SG LABU,Sungai Labu,94.567957,47.355675,96.89312275,86.8217,86.465,85.8,80.5
10/31/2021,SEMENYIH 2,Semenyih 2,98.930653,46.9061664,96.29067101,79.25,79.017,88.95,78.6
10/31/2021,SSP 1,Sungai Selangor Fasa 1,94.667195,65.9814738,81.10304756,95.324,90.056,86.15492887,84.3
10/31/2021,RASA,Rasa,99.201925,85.0898,87.76515196,98.2427,94.312,92.1,92.2
10/31/2021,SSP 3 BKT BDG,Sungai Selangor Fasa 3 Stage 1,97.31678,71.0196954,79.17942196,95.4509,87.928,72.15,83
10/31/2021,LANGAT 2,Langat 2,99.30158,100,92.19494389,90.0365,93.381,82.65,93.1
10/31/2021,LABOHAN DAGANG,Labohan Dagang,97.115632,94.4174144,96.89312275,97.3544,86.332,87.9,93.4
10/31/2022,Sungai Sireh,Sungai Sireh,,,,,,,80.4
10/31/2022,Bernam River Headworks,Bernam River Headworks,,,,,,,86.8
10/31/2022,RANTAU PANJANG,Rantau Panjang New,,,,,,,78.9
10/31/2022,North Hummock,North Hummock,,,,,,,84.8
10/31/2022,Batang Kali,Batang Kali,,,,,,,81.4
10/31/2022,Kuala Kubu Baru,Kuala Kubu Bharu,,,,,,,95.5
10/31/2022,Kalumpang,Kalumpang,,,,,,,92.4
10/31/2022,Sungai Selisek,Sungai Selisek,,,,,,,90.8
10/31/2022,Sungai Dusun,Sungai Dusun,,,,,,,94.8
10/31/2022,Sungai Tengi,Sungai Tengi,,,,,,,90.7
10/31/2022,Wangsa Maju,Wangsa Maju,,,,,,,75.6
10/31/2022,Bukit Nanas,Bukit Nanas,,,,,,,75
10/31/2022,Sungai Batu,Sungai Batu,,,,,,,84.7
10/31/2022,Sungai Gombak,Sungai Gombak,,,,,,,93.7
10/31/2022,Ampang Intake,Ampang Intake,,,,,,,94.9
10/31/2022,Sungai Rangkap,Sungai Rangkap,,,,,,,95.7
10/31/2022,Kepong,Kepong,,,,,,,94.3
10/31/2022,Sungai Rumput,Sungai Rumput,,,,,,,93.8
10/31/2022,Sungai Selangor Fasa 1,Sungai Selangor Fasa 1,,,,,,,82.2
1/31/2022,Sungai Selangor Fasa 2 Stream C,Sungai Selangor Fasa 2 Stream D,,,,,,,82.3
10/31/2022,Sungai Selangor Fasa 3,Sungai Selangor Fasa 3 Stage 1,,,,,,,77
10/31/2022,Rasa,Rasa,,,,,,,91.5
10/31/2022,Bukit Tampoi,Bukit Tampoi,,,,,,,83.7
10/31/2022,Salak Tinggi,Salak Tinggi,,,,,,,76
10/31/2022,Sungai Semenyih,Sungai Semenyih,,,,,,,81
10/31/2022,Sungai Labu,Sungai Labu,,,,,,,86.8
10/31/2022,Semenyih 2,Semenyih 2,,,,,,,91
10/31/2022,Labohan Dagang,Labohan Dagang,,,,,,,87.2
10/31/2022,Sungai Langat,Sungai Langat,,,,,,,91.3
10/31/2022,Cheras Batu 11,Cheras Batu 11,,,,,,,89.2
10/31/2022,Sungai Pangsoon,Sungai Pangsoon,,,,,,,93.9
10/31/2022,Sungai Lolo,Sungai Lolo,,,,,,,89.7
10/31/2022,Sungai Serai,Sungai Serai,,,,,,,90.9
10/31/2022,Langat 2,Langat 2,,,,,,,87.9
10/31/2022,Intake Semantan (Langat 2),Intake Semantan (Langat 2),,,,,,,86.7
11/30/2021,BERNAM RIVER HEADWORKS,Bernam River Headworks (New),93.832453,74.1224,68.38206167,95.1125,85.002,78.08338538,81.9
11/30/2021,RANTAU PANJANG,Rantau Panjang New,98.648,87.1114722,57.25405397,97.6505,90.056,73.65264843,84.2
11/30/2021,NORTH HUMMOCK,North Hummock,89.098693,24.9550422,95.09892502,97.7351,76.756,86.65203084,75.2
11/30/2021,BATANG KALI,Batang Kali,98.042368,79.7449312,91.06289964,88.5137,90.721,90,88.7
11/30/2021,KUALA KUBU BARU,Kuala Kubu Bharu,97.525117,100,96.29067101,97.9043,92.45,92.1,96.3
11/30/2021,KALUMPANG,Kalumpang,98.9792,100,96.89312275,95.747,93.514,94.2,96.7
11/30/2021,SELISEK,Sungai Selisek,97.901252,95.1759766,74.61492163,99.2579,94.179,75.3,89.8
11/30/2021,SG DUSUN,Sungai Dusun,98.4337,96.3577424,94.50957173,97.4813,90.854,85.8,94.1
11/30/2021,SG TENGI,Sungai Tengi,97.901252,100,94.50957173,97.3967,95.908,87.9,95.9
11/30/2021,SG BUAYA,Unknown,,,,,,,
10/31/2021,SSP2,Sungai Selangor Fasa 2 Stream C,98.90942,59.4475008,92.19494389,96.2123,88.992,77.4,83.8
11/30/2021,SG SIREH,Sungai Sireh,99.319552,75.6992864,65.33747683,97.7774,49.43738311,83.7074469,78.1
11/30/2021,SG LANGAT,Sungai Langat,98.880772,78.3819146,85.12651283,97.5236,92.583,82.74593147,88.5
11/30/2021,BUKIT TAMPOI,Bukit Tampoi New,98.178148,83.413775,73.74246054,79.7576,88.061,75.83986493,82.6
11/30/2021,CHERAS MILE 11,Cheras Batu 11,97.972477,29.7080912,72.88305864,94.6895,87.396,50.94140827,69.6
11/30/2021,SALAK TINGGI,Salak Tinggi,96.9425,2.0896832,58.81589868,89.2328,85.667,80.38484623,64.2
11/30/2021,SG PANGSOON,Sungai Pangsoon,99.574528,100,96.29067101,91.2632,86.199,87.9,93.7
11/30/2021,SG LOLO,Sungai Lolo - Baru,99.159355,100,96.89312275,95.8316,88.859,92.1,95.6
11/30/2021,SG SERAI,Sungai Serai,97.603012,100,96.29067101,98.2427,97.504,81.6,95.6
11/30/2021,BUKIT NANAS,Bukit Nanas,94.9177,2.0388286,96.29067101,92.4053,94.977,73.22182087,71
11/30/2021,SG BATU,Sungai Batu,98.494253,83.7544016,96.29067101,92.5745,86.066,81.79423265,89.3
11/30/2021,GOMBAK,Sungai Gombak,98.73998,100,96.29067101,94.055,86.332,87.9,94.1
11/30/2021,AMPANG INTAKE,Ampang Intake,95.19662,100,85.12651283,96.593,94.179,77.4,92.1
11/30/2021,SG RANGKAP,Sungai Rangkap,96.603395,100,95.69261497,97.9043,96.573,81.6,95.2
11/30/2021,KEPONG,Kepong,93.757195,100,96.29067101,93.9704,89.391,81.6,93.1
11/30/2021,SG RUMPUT,Sungai Rumput,94.667195,100,94.50957173,94.8587,90.189,90,94.4
11/30/2021,WANGSA MAJU,Wangsa Maju,97.7548,25.4864926,95.69261497,93.2936,90.987,81.79423265,77.2
11/30/2021,SG SEMENYIH,Sungai Semenyih,98.930653,67.4006878,57.56176063,91.0517,91.386,93.15,81.8
11/30/2021,SG LABU,Sungai Labu,98.930653,50.8048976,95.69261497,86.6948,88.194,78.45,80.7
11/30/2021,SEMENYIH 2,Semenyih 2,99.35,26.9642832,94.50957173,86.7371,91.386,69,74.4
11/30/2021,SSP 1,Sungai Selangor Fasa 1,97.86862,53.2022352,73.31113821,98.4119,90.056,69,78.6
11/30/2021,RASA,Rasa,95.255437,47.2058192,96.29067101,95.0702,95.642,93.15,84.6
11/30/2021,SSP 3 BKT BDG,Sungai Selangor Fasa 3 Stage 1,96.770395,60.4771966,65.70793171,99.554,87.662,83.7,80.9
11/30/2021,LANGAT 2,Langat 2,99.648133,95.0420378,88.84822437,95.324,91.386,75.83986493,91.2
11/30/2021,LABOHAN DAGANG,Labohan Dagang,99.624932,65.4099914,95.09892502,80.52516159,86.332,83.22545507,83.2
11/30/2022,Sungai Sireh,Sungai Sireh,,,,,,,75.6
11/30/2022,Bernam River Headworks,Bernam River Headworks,,,,,,,81.8
11/30/2022,RANTAU PANJANG,Rantau Panjang New,,,,,,,84.2
11/30/2022,North Hummock,North Hummock,,,,,,,87.2
11/30/2022,Batang Kali,Batang Kali,,,,,,,90.2
11/30/2022,Kuala Kubu Baru,Kuala Kubu Bharu,,,,,,,91.8
11/30/2022,Kalumpang,Kalumpang,,,,,,,95.3
11/30/2022,Sungai Selisek,Sungai Selisek,,,,,,,86.4
11/30/2022,Sungai Dusun,Sungai Dusun,,,,,,,89.9
11/30/2022,Sungai Tengi,Sungai Tengi,,,,,,,92.8
11/30/2022,Wangsa Maju,Wangsa Maju,,,,,,,78.8
11/30/2022,Bukit Nanas,Bukit Nanas,,,,,,,74
11/30/2022,Sungai Batu,Sungai Batu,,,,,,,74.4
11/30/2022,Sungai Gombak,Sungai Gombak,,,,,,,94
11/30/2022,Ampang Intake,Ampang Intake,,,,,,,95.7
11/30/2022,Sungai Rangkap,Sungai Rangkap,,,,,,,92.8
11/30/2022,Kepong,Kepong,,,,,,,95.7
11/30/2022,Sungai Rumput,Sungai Rumput,,,,,,,93.9
11/30/2022,Sungai Selangor Fasa 1,Sungai Selangor Fasa 1,,,,,,,79.8
10/31/2021,SSP2,Sungai Selangor Fasa 2 Stream D,98.90942,59.4475008,92.19494389,96.2123,88.992,77.4,83.8
11/30/2022,Sungai Selangor Fasa 3,Sungai Selangor Fasa 3 Stage 1,,,,,,,84.8
11/30/2022,Rasa,Rasa,,,,,,,82.2
11/30/2022,Bukit Tampoi,Bukit Tampoi,,,,,,,89.8
11/30/2022,Salak Tinggi,Salak Tinggi,,,,,,,74.4
11/30/2022,Sungai Semenyih,Sungai Semenyih,,,,,,,82.8
11/30/2022,Sungai Labu,Sungai Labu,,,,,,,86.8
11/30/2022,Semenyih 2,Semenyih 2,,,,,,,85.2
11/30/2022,Labohan Dagang,Labohan Dagang,,,,,,,89.5
11/30/2022,Sungai Langat,Sungai Langat,,,,,,,93.1
11/30/2022,Cheras Batu 11,Cheras Batu 11,,,,,,,91.3
11/30/2022,Sungai Pangsoon,Sungai Pangsoon,,,,,,,84.7
11/30/2022,Sungai Lolo,Sungai Lolo,,,,,,,85.7
11/30/2022,Sungai Serai,Sungai Serai,,,,,,,86.2
11/30/2022,Langat 2,Langat 2,,,,,,,92.1
11/30/2022,Intake Semantan (Langat 2),Intake Semantan (Langat 2),,,,,,,89.6
12/31/2021,BERNAM RIVER HEADWORKS,Bernam River Headworks (New),99.160048,84.538725,69.5725707,99.2579,97.105,71.1,86.7
12/31/2021,RANTAU PANJANG,Rantau Panjang New,99.023795,90.8735136,54.59313307,96.7622,89.258,86.15492887,86.2
12/31/2021,NORTH HUMMOCK,North Hummock,89.2673,56.336775,96.89312275,90.5441,81.145,73.2,79.8
12/31/2021,BATANG KALI,Batang Kali,96.764032,85.1990838,95.69261497,96.8045,97.637,87.9,92.9
12/31/2021,KUALA KUBU BARU,Kuala Kubu Bharu,97.901252,100,96.89312275,98.7503,97.105,90,97.1
12/31/2021,KALUMPANG,Kalumpang,98.4337,100,96.89312275,99.6386,95.908,92.1,97.4
12/31/2021,SELISEK,Sungai Selisek,95.581168,92.4183888,85.12651283,98.0312,94.312,74.25,90.3
12/31/2021,SG DUSUN,Sungai Dusun,99.026413,100,93.3437585,98.2427,94.179,84.67889208,95.3
12/31/2021,SG TENGI,Sungai Tengi,98.371813,100,89.94740053,98.4119,94.711,84.75,94.8
12/31/2021,SG BUAYA,Unknown,,,,,,,
10/31/2022,Sungai Selangor Fasa 2 Stream C,Sungai Selangor Fasa 2 Stream C,,,,,,,80.5
12/31/2021,SG SIREH,Sungai Sireh,97.089875,78.3819146,80.13405701,98.4965,51.23816588,81.6,80.9
12/31/2021,SG LANGAT,Sungai Langat,99.488917,91.5758048,86.69796706,86.441,91.652,75.39796886,88.4
12/31/2021,BUKIT TAMPOI,Bukit Tampoi New,94.206208,77.1171886,72.03654057,84.326,81.012,58.00015204,77.5
12/31/2021,CHERAS MILE 11,Cheras Batu 11,99.072292,73.5901408,81.10304756,91.2632,92.051,77.17911705,84.7
12/31/2021,SALAK TINGGI,Salak Tinggi,99.356093,34.3735454,69.17271037,88.3868,86.598,84.19192115,73.8
12/31/2021,SG PANGSOON,Sungai Pangsoon,98.611357,100,94.50957173,93.4205,96.041,92.1,95.9
12/31/2021,SG LOLO,Sungai Lolo - Baru,98.948755,100,96.89312275,98.5811,89.79,87.9,95.7
12/31/2021,SG SERAI,Sungai Serai,96.196612,100,96.89312275,95.3663,96.706,85.8,95.5
12/31/2021,BUKIT NANAS,Bukit Nanas,98.829557,2.6248272,96.89312275,95.9585,90.322,86.65203084,73.6
12/31/2021,SG BATU,Sungai Batu,98.042368,100,96.29067101,95.8316,93.381,84.67889208,95
12/31/2021,GOMBAK,Sungai Gombak,93.517595,100,94.50957173,96.8045,97.637,87.9,95.5
12/31/2021,AMPANG INTAKE,Ampang Intake,87.878,100,90.5030959,97.6082,97.371,81.6,93.4
12/31/2021,SG RANGKAP,Sungai Rangkap,92.510795,100,95.69261497,96.593,97.504,81.6,94.6
12/31/2021,KEPONG,Kepong,93.991955,100,96.89312275,99.2579,92.45,85.8,95.3
12/31/2021,SG RUMPUT,Sungai Rumput,97.932155,100,91.62683962,97.1852,88.593,90,94.6
12/31/2021,WANGSA MAJU,Wangsa Maju,97.525117,59.5948474,92.76724071,93.632,93.78,80.85223858,84.6
12/31/2021,SG SEMENYIH,Sungai Semenyih,95.581168,56.0390986,89.94740053,88.3445,90.322,87.9,82.6
12/31/2021,SG LABU,Sungai Labu,99.648133,43.6178,95.69261497,88.5137,87.795,88.95,81.1
12/31/2021,SEMENYIH 2,Semenyih 2,99.35,61.3563922,95.09892502,86.2295,87.662,82.65,83.4
12/31/2021,SSP 1,Sungai Selangor Fasa 1,96.932555,85.4167106,42.57849767,95.7047,81.411,84.75,81.2
12/31/2021,RASA,Rasa,99.072292,84.0923498,81.10304756,99.5963,97.504,87.9,91.1
12/31/2021,SSP 3 BKT BDG,Sungai Selangor Fasa 3 Stage 1,98.90942,39.0265822,50.13346927,97.5236,83.007,85.8,73.2
12/31/2021,LANGAT 2,Langat 2,99.159355,94.9744,89.39578585,88.2176,95.243,79.5,91
12/31/2021,LABOHAN DAGANG,Labohan Dagang,94.802453,79.0052176,96.89312275,90.6287,87.263,85.8,88.3
12/31/2022,Sungai Sireh,Sungai Sireh,,,,,,,67.5
12/31/2022,Bernam River Headworks,Bernam River Headworks,,,,,,,88
12/31/2022,RANTAU PANJANG,Rantau Panjang New,,,,,,,82.9
12/31/2022,North Hummock,North Hummock,,,,,,,76.7
12/31/2022,Batang Kali,Batang Kali,,,,,,,90.2
12/31/2022,Kuala Kubu Baru,Kuala Kubu Bharu,,,,,,,94.5
12/31/2022,Kalumpang,Kalumpang,,,,,,,96
12/31/2022,Sungai Selisek,Sungai Selisek,,,,,,,85.6
12/31/2022,Sungai Dusun,Sungai Dusun,,,,,,,93.8
12/31/2022,Sungai Tengi,Sungai Tengi,,,,,,,93.6
12/31/2022,Wangsa Maju,Wangsa Maju,,,,,,,78.1
12/31/2022,Bukit Nanas,Bukit Nanas,,,,,,,75.2
12/31/2022,Sungai Batu,Sungai Batu,,,,,,,79.6
12/31/2022,Sungai Gombak,Sungai Gombak,,,,,,,92.6
12/31/2022,Ampang Intake,Ampang Intake,,,,,,,92.7
12/31/2022,Sungai Rangkap,Sungai Rangkap,,,,,,,94.5
12/31/2022,Kepong,Kepong,,,,,,,94.1
12/31/2022,Sungai Rumput,Sungai Rumput,,,,,,,93.3
12/31/2022,Sungai Selangor Fasa 1,Sungai Selangor Fasa 1,,,,,,,77
10/31/2022,Sungai Selangor Fasa 2 Stream C,Sungai Selangor Fasa 2 Stream D,,,,,,,80.5
12/31/2022,Sungai Selangor Fasa 3,Sungai Selangor Fasa 3 Stage 1,,,,,,,84.8
12/31/2022,Rasa,Rasa,,,,,,,91.2
12/31/2022,Bukit Tampoi,Bukit Tampoi,,,,,,,88
12/31/2022,Salak Tinggi,Salak Tinggi,,,,,,,73.1
12/31/2022,Sungai Semenyih,Sungai Semenyih,,,,,,,83.5
12/31/2022,Sungai Labu,Sungai Labu,,,,,,,85.2
12/31/2022,Semenyih 2,Semenyih 2,,,,,,,82.2
12/31/2022,Labohan Dagang,Labohan Dagang,,,,,,,91.4
12/31/2022,Sungai Langat,Sungai Langat,,,,,,,91.7
12/31/2022,Cheras Batu 11,Cheras Batu 11,,,,,,,78.9
12/31/2022,Sungai Pangsoon,Sungai Pangsoon,,,,,,,93.5
12/31/2022,Sungai Lolo,Sungai Lolo,,,,,,,92.3
12/31/2022,Sungai Serai,Sungai Serai,,,,,,,95.9
12/31/2022,Langat 2,Langat 2,,,,,,,91.2
12/31/2022,Intake Semantan (Langat 2),Intake Semantan (Langat 2),,,,,,,86.8
2/28/2021,Bernam River Headworks,Bernam River Headworks (New),97.01182,97.0171472,80.13405701,98.0735,86.066,92.1,92
2/28/2021,Rantau Panjang,Rantau Panjang New,96.853933,85.3080544,77.31244979,91.7708,88.992,69.85249743,84.9
2/28/2021,North Hummock,North Hummock,99.072292,3.0277738,72.88305864,96.5084,73.23136262,81.6,66.5
2/28/2021,Batang Kali,Batang Kali,98.611357,95.1092304,97.5,93.4628,94.312,94.2,95.3
2/28/2021,Kuala Kubu Bharu,Kuala Kubu Bharu,97.115632,100,95.09892502,97.3967,92.051,96.3,96.5
2/28/2021,Kalumpang,Kalumpang,99.648133,100,95.69261497,97.7351,86.864,98.4,96.5
2/28/2021,Selisek,Sungai Selisek,98.611357,87.5219626,87.22958698,85.8488,88.46,87.9,88.7
2/28/2021,Sungai Dusun,Sungai Dusun,97.7548,96.1822262,95.69261497,85.4258,86.864,85.8,91.2
2/28/2021,Sungai Tengi,Sungai Tengi,98.777008,100,92.76724071,88.5983,92.184,87.9,93.5
11/30/2021,SSP2,Sungai Selangor Fasa 2 Stream C,98.694595,45.858125,90.5030959,97.2698,86.864,71.10007401,79.5
2/28/2021,Sungai Sireh,Sungai Sireh,89.098693,71.7026384,94.50957173,89.4866,59.83173134,86.65203084,81.2
2/28/2021,Sungai Langat,Sungai Langat,98.9792,73.9896382,85.6464563,89.2328,88.194,82.74593147,85.3
2/28/2021,Bukit Tampoi,Bukit Tampoi New,98.287955,54.846425,45.03801892,95.8739,76.49,69.44081134,71.9
2/28/2021,Cheras Batu 11,Cheras Batu 11,98.4337,32.9435794,77.31244979,86.441,87.13,47.21886234,68.9
2/28/2021,Salak Tinggi,Salak Tinggi,99.201925,49.7549998,68.77588083,85.8065,78.618,63.88891084,72.3
2/28/2021,Sungai Pangsoon,Sungai Pangsoon,98.880772,97.3208,95.69261497,91.8131,93.647,92.1,94.8
2/28/2021,Sungai Lolo,Sungai Lolo - Baru,98.777008,100,96.29067101,91.5593,91.918,90,94.9
2/28/2021,Sungai Serai,Sungai Serai,99.093995,96.8587598,95.09892502,99.8924,98.036,90,96.6
2/28/2021,Bukit Nanas,Bukit Nanas,97.7548,11.484825,97.5,93.3359,89.79,87.15170205,75
2/28/2021,Sungai Batu,Sungai Batu,95.98078,90.8735136,97.5,86.6948,88.859,84.75,90.5
2/28/2021,Sungai Gombak,Sungai Gombak,90.11422,100,95.69261497,90.1634,90.189,88.95,93
2/28/2021,Ampang Intake,Ampang Intake,79.964795,100,84.09811951,89.8673,93.115,87.9,90.2
2/28/2021,Sungai Rangkap,Sungai Rangkap,97.679573,100,96.29067101,98.5388,93.78,92.1,96.7
2/28/2021,Kepong,Kepong,96.51808,100,97.5,92.0246,94.445,90,95.3
2/28/2021,Sungai Rumput,Sungai Rumput,91.704875,100,93.9245259,92.1938,86.598,91.05,93.1
2/28/2021,Wangsa Maju,Wangsa Maju,99.19022,6.874075,95.09892502,89.3597,88.859,70.05,70.3
2/28/2021,Sungai Semenyih,Sungai Semenyih,96.764032,13.2547664,86.17026563,86.864,89.125,78.45,70.8
2/28/2021,Sungai Labu,Sungai Labu,98.9792,73.5901408,95.69261497,87.2024,88.593,80.55,86.2
2/28/2021,Semenyih 2,Semenyih 2,99.281677,25.2203618,94.50957173,84.7067,82.741,88.95,75.3
2/28/2021,Sungai Selangor Fasa 1,Sungai Selangor Fasa 1,98.611357,93.0634832,78.23894962,93.8012,88.194,78.99692365,88.6
2/28/2021,Rasa,Rasa,98.667908,97.0171472,95.69261497,98.1581,94.977,83.7,94.9
2/28/2021,Sungai Selangor Fasa 3,Sungai Selangor Fasa 3 Stage 1,93.048925,37.1235408,63.883794,95.1971,85.534,95.25,75.6
2/28/2021,Langat 2,Langat 2,98.948755,100,82.08658899,90.3749,92.849,86.85,92.1
2/28/2021,Labohan Dagang,Labohan Dagang,97.803875,80.4754,95.69261497,92.6591,81.544,85.8,88.3
2/28/2022,Sungai Sireh,Sungai Sireh,,,,,,,77.4
2/28/2022,Bernam River Headworks,Bernam River Headworks,,,,,,,87.9
2/28/2022,RANTAU PANJANG,Rantau Panjang New,,,,,,,83.9
2/28/2022,North Hummock,North Hummock,,,,,,,85.3
2/28/2022,Batang Kali,Batang Kali,,,,,,,92.2
2/28/2022,Kuala Kubu Baru,Kuala Kubu Bharu,,,,,,,94.6
2/28/2022,Kalumpang,Kalumpang,,,,,,,94.8
2/28/2022,Sungai Selisek,Sungai Selisek,,,,,,,91
2/28/2022,Sungai Dusun,Sungai Dusun,,,,,,,91.9
2/28/2022,Sungai Tengi,Sungai Tengi,,,,,,,90.3
2/28/2022,Wangsa Maju,Wangsa Maju,,,,,,,74.5
2/28/2022,Bukit Nanas,Bukit Nanas,,,,,,,90.7
2/28/2022,Sungai Batu,Sungai Batu,,,,,,,85
2/28/2022,Sungai Gombak,Sungai Gombak,,,,,,,92.9
2/28/2022,Ampang Intake,Ampang Intake,,,,,,,94.5
2/28/2022,Sungai Rangkap,Sungai Rangkap,,,,,,,94.1
2/28/2022,Kepong,Kepong,,,,,,,94.3
2/28/2022,Sungai Rumput,Sungai Rumput,,,,,,,91.2
2/28/2022,Sungai Selangor Fasa 1,Sungai Selangor Fasa 1,,,,,,,78.8
11/30/2021,SSP2,Sungai Selangor Fasa 2 Stream D,98.694595,45.858125,90.5030959,97.2698,86.864,71.10007401,79.5
2/28/2022,Sungai Selangor Fasa 3,Sungai Selangor Fasa 3 Stage 1,,,,,,,82.7
2/28/2022,Rasa,Rasa,,,,,,,84.2
2/28/2022,Bukit Tampoi,Bukit Tampoi,,,,,,,87.1
2/28/2022,Salak Tinggi,Salak Tinggi,,,,,,,86.8
2/28/2022,Sungai Semenyih,Sungai Semenyih,,,,,,,79.9
2/28/2022,Sungai Labu,Sungai Labu,,,,,,,87.8
2/28/2022,Semenyih 2,Semenyih 2,,,,,,,82.4
2/28/2022,Labohan Dagang,Labohan Dagang,,,,,,,84.4
2/28/2022,Sungai Langat,Sungai Langat,,,,,,,94.8
2/28/2022,Cheras Batu 11,Cheras Batu 11,,,,,,,84.3
2/28/2022,Sungai Pangsoon,Sungai Pangsoon,,,,,,,95.3
2/28/2022,Sungai Lolo,Sungai Lolo,,,,,,,91.4
2/28/2022,Sungai Serai,Sungai Serai,,,,,,,94.8
2/28/2022,Langat 2,Langat 2,,,,,,,89.8
2/28/2022,Intake Semantan (Langat 2),Intake Semantan (Langat 2),,,,,,,90.2
3/31/2021,Bernam River Headworks,Bernam River Headworks (New),96.34382,100,87.22958698,97.6082,69.8185157,96.3,91.7
3/31/2021,Rantau Panjang,Rantau Panjang New,95.581168,82.6087456,58.33416685,80.52516159,83.938,81.32202946,79.9
3/31/2021,North Hummock,North Hummock,86.028272,74.5194566,95.69261497,96.3392,68.56273367,90,84.8
3/31/2021,Batang Kali,Batang Kali,98.880772,83.7544016,96.29067101,88.133,76.889,87.9,87.9
3/31/2021,Kuala Kubu Bharu,Kuala Kubu Bharu,98.611357,100,96.29067101,90.6287,92.716,90,94.8
3/31/2021,Kalumpang,Kalumpang,97.603012,100,96.29067101,88.8521,93.381,92.1,94.8
3/31/2021,Selisek,Sungai Selisek,98.880772,84.3161446,87.76515196,90.6287,73.564,92.1,87.3
3/31/2021,Sungai Dusun,Sungai Dusun,98.777008,100,79.65495716,88.4714,85.002,71.1,87.7
3/31/2021,Sungai Tengi,Sungai Tengi,93.7052,97.2714142,90.5030959,90.671,91.519,77.4,90.6
11/30/2022,Sungai Selangor Fasa 2 Stream C,Sungai Selangor Fasa 2 Stream C,,,,,,,86.6
3/31/2021,Sungai Sireh,Sungai Sireh,96.853933,93.907225,77.31244979,92.786,80.081,88.95,88.4
3/31/2021,Sungai Langat,Sungai Langat,98.611357,77.6259254,87.22958698,98.3696,92.716,82.74593147,88.8
3/31/2021,Bukit Tampoi,Bukit Tampoi New,99.24832,62.0864592,85.12651283,96.0431,68.56273367,23.46973172,71.9
3/31/2021,Cheras Batu 11,Cheras Batu 11,98.110925,67.5418304,86.69796706,99.2579,92.45,69.44081134,84.6
3/31/2021,Salak Tinggi,Salak Tinggi,99.281677,36.2508,77.31244979,94.3511,84.071,32.37731178,68.5
3/31/2021,Sungai Pangsoon,Sungai Pangsoon,99.160048,100,95.69261497,98.2004,93.647,96.3,97.3
3/31/2021,Sungai Lolo,Sungai Lolo - Baru,91.704875,100,96.89312275,93.4205,80.613,94.2,93.3
3/31/2021,Sungai Serai,Sungai Serai,98.55118,100,97.5,97.862,92.051,87.9,95.9
3/31/2021,Bukit Nanas,Bukit Nanas,94.567957,3.901875,96.29067101,95.7893,88.992,84.67889208,72.8
3/31/2021,Sungai Batu,Sungai Batu,97.932155,82.8402,96.29067101,93.5474,76.889,88.95,88.8
3/31/2021,Sungai Gombak,Sungai Gombak,87.367955,100,96.29067101,95.0702,87.529,85.8,92.8
3/31/2021,Ampang Intake,Ampang Intake,92.89742,100,89.39578585,97.4813,93.647,90,94.5
3/31/2021,Sungai Rangkap,Sungai Rangkap,97.365325,100,93.9245259,80.2652,92.45,87.9,91.9
3/31/2021,Kepong,Kepong,97.389995,100,97.5,99.554,85.933,91.05,95.6
3/31/2021,Sungai Rumput,Sungai Rumput,96.431555,100,75.50061967,97.6082,74.0778965,87.9,89.2
3/31/2021,Wangsa Maju,Wangsa Maju,98.98688,5.6037102,95.69261497,97.016,89.391,85.66038147,74
3/31/2021,Sungai Semenyih,Sungai Semenyih,97.200197,71.9745472,89.39578585,98.3696,85.534,80.85223858,86.3
3/31/2021,Sungai Labu,Sungai Labu,99.242468,70.4701586,96.29067101,92.6591,79.283,82.65,85.5
3/31/2021,Semenyih 2,Semenyih 2,99.547325,54.9956688,96.89312275,90.3749,61.75960957,85.8,79.5
3/31/2021,Sungai Selangor Fasa 1,Sungai Selangor Fasa 1,98.777008,96.0628794,76.85438084,85.8488,84.47,75.39796886,86.4
3/31/2021,Rasa,Rasa,99.600397,92.5004494,96.89312275,90.4172,93.647,93.15,93.9
3/31/2021,Sungai Selangor Fasa 3,Sungai Selangor Fasa 3 Stage 1,96.294517,56.4855328,81.5929871,97.7351,97.77,86.85,84.3
3/31/2021,Langat 2,Langat 2,98.948755,100,86.69796706,96.7622,92.184,75.3,92.2
3/31/2021,Labohan Dagang,Labohan Dagang,95.98078,100,96.89312275,96.0431,77.155,84.75,92.3
3/31/2022,Sungai Sireh,Sungai Sireh,,,,,,,75.8
3/31/2022,Bernam River Headworks,Bernam River Headworks,,,,,,,73.2
3/31/2022,RANTAU PANJANG,Rantau Panjang New,,,,,,,81.8
3/31/2022,North Hummock,North Hummock,,,,,,,88.2
3/31/2022,Batang Kali,Batang Kali,,,,,,,89.6
3/31/2022,Kuala Kubu Baru,Kuala Kubu Bharu,,,,,,,93.5
3/31/2022,Kalumpang,Kalumpang,,,,,,,93.4
3/31/2022,Sungai Selisek,Sungai Selisek,,,,,,,76.6
3/31/2022,Sungai Dusun,Sungai Dusun,,,,,,,90
3/31/2022,Sungai Tengi,Sungai Tengi,,,,,,,95.1
3/31/2022,Wangsa Maju,Wangsa Maju,,,,,,,67.1
3/31/2022,Bukit Nanas,Bukit Nanas,,,,,,,87.8
3/31/2022,Sungai Batu,Sungai Batu,,,,,,,87.3
3/31/2022,Sungai Gombak,Sungai Gombak,,,,,,,90.8
3/31/2022,Ampang Intake,Ampang Intake,,,,,,,84.4
3/31/2022,Sungai Rangkap,Sungai Rangkap,,,,,,,95.7
3/31/2022,Kepong,Kepong,,,,,,,91.8
3/31/2022,Sungai Rumput,Sungai Rumput,,,,,,,88.9
3/31/2022,Sungai Selangor Fasa 1,Sungai Selangor Fasa 1,,,,,,,76.5
11/30/2022,Sungai Selangor Fasa 2 Stream C,Sungai Selangor Fasa 2 Stream D,,,,,,,86.6
3/31/2022,Sungai Selangor Fasa 3,Sungai Selangor Fasa 3 Stage 1,,,,,,,65.6
3/31/2022,Rasa,Rasa,,,,,,,88.2
3/31/2022,Bukit Tampoi,Bukit Tampoi,,,,,,,84.4
3/31/2022,Salak Tinggi,Salak Tinggi,,,,,,,79.3
3/31/2022,Sungai Semenyih,Sungai Semenyih,,,,,,,77.2
3/31/2022,Sungai Labu,Sungai Labu,,,,,,,82.3
3/31/2022,Semenyih 2,Semenyih 2,,,,,,,83.8
3/31/2022,Labohan Dagang,Labohan Dagang,,,,,,,88.7
3/31/2022,Sungai Langat,Sungai Langat,,,,,,,87.6
3/31/2022,Cheras Batu 11,Cheras Batu 11,,,,,,,89.8
3/31/2022,Sungai Pangsoon,Sungai Pangsoon,,,,,,,94.8
3/31/2022,Sungai Lolo,Sungai Lolo,,,,,,,95.4
3/31/2022,Sungai Serai,Sungai Serai,,,,,,,95
3/31/2022,Langat 2,Langat 2,,,,,,,90.8
3/31/2022,Intake Semantan (Langat 2),Intake Semantan (Langat 2),,,,,,,91.2
4/30/2021,BERNAM RIVER HEADWORKS,Bernam River Headworks (New),97.389995,96.9120384,80.13405701,92.9129,85.135,93.15,91.1
4/30/2021,RANTAU PANJANG,Rantau Panjang New,98.880772,86.3802704,79.17942196,90.3749,85.135,79.91983869,86.3
4/30/2021,NORTH HUMMOCK,North Hummock,73.696608,19.8337862,95.69261497,92.6591,77.022,76.73042605,70
4/30/2021,BATANG KALI,Batang Kali,98.9792,78.005,96.29067101,95.2394,92.051,92.1,91.1
4/30/2021,KUALA KUBU BARU,Kuala Kubu Bharu,98.553472,100,92.76724071,95.6201,86.465,96.3,95.1
4/30/2021,KALUMPANG,Kalumpang,98.9792,100,95.69261497,92.8283,89.79,98.4,96
4/30/2021,SELISEK,Sungai Selisek,97.603012,82.1424192,61.10760076,90.2903,78.618,78.45,81.1
4/30/2021,SG DUSUN,Sungai Dusun,97.679573,100,89.39578585,91.3055,89.258,83.7,92.2
4/30/2021,SG TENGI,Sungai Tengi,98.829557,100,84.09811951,92.9129,85.534,81.6,90.9
4/30/2021,SG BUAYA,Unknown,,,,,,,
12/31/2021,SSP2,Sungai Selangor Fasa 2 Stream C,99.326395,84.6495568,42.9372992,95.9585,89.258,83.7074469,82.5
4/30/2021,SG SIREH,Sungai Sireh,97.029733,86.4857166,82.58387809,91.8977,83.938,75.3,86.1
4/30/2021,SG LANGAT,Sungai Langat,98.9792,97.2714142,83.08487939,87.0755,92.317,81.32202946,90.1
4/30/2021,BUKIT TAMPOI,Bukit Tampoi New,95.581168,55.4431362,72.4582,88.6406,80.613,49.36420736,72.4
4/30/2021,CHERAS MILE 11,Cheras Batu 11,98.667908,51.2547338,80.6167457,87.9638,83.14,42.29712933,72.4
4/30/2021,SALAK TINGGI,Salak Tinggi,98.4337,25.6198592,49.73603202,86.0603,72.03752356,50.94140827,60.9
4/30/2021,SG PANGSOON,Sungai Pangsoon,98.868875,100,96.29067101,90.248,93.115,98.4,96.1
4/30/2021,SG LOLO,Sungai Lolo - Baru,98.287955,100,96.89312275,89.3597,95.11,96.3,95.9
4/30/2021,SG SERAI,Sungai Serai,99.159355,94.4885706,96.89312275,90.671,92.849,94.2,94.4
4/30/2021,BUKIT NANAS,Bukit Nanas,96.672797,2.023667403,96.89312275,99.3848,88.46,73.2,71.6
4/30/2021,SG BATU,Sungai Batu,97.99448,89.8681114,96.89312275,97.9043,83.539,82.65,91.4
4/30/2021,GOMBAK,Sungai Gombak,94.10752,100,95.09892502,100.0193,98.834,97.35,97.9
4/30/2021,AMPANG INTAKE,Ampang Intake,90.41432,100,75.94848876,97.9889,88.726,96.3,92.3
4/30/2021,SG RANGKAP,Sungai Rangkap,98.9792,100,96.89312275,95.4932,90.056,85.8,94.8
4/30/2021,KEPONG,Kepong,97.462,100,97.5,99.2579,86.598,92.1,95.8
4/30/2021,SG RUMPUT,Sungai Rumput,93.638,100,96.89312275,98.4119,82.076,90,94.1
4/30/2021,WANGSA MAJU,Wangsa Maju,95.791652,24.6905434,96.89312275,99.2579,85.002,74.25,76
4/30/2021,SG SEMENYIH,Sungai Semenyih,98.494253,14.5604432,57.25405397,91.517,81.411,83.22545507,67.1
4/30/2021,SG LABU,Sungai Labu,99.026413,32.5171792,95.09892502,92.8283,85.534,90,79.1
4/30/2021,SEMENYIH 2,Semenyih 2,99.3913,32.2336064,95.69261497,92.9129,78.751,86.85,77.6
4/30/2021,SSP 1,Sungai Selangor Fasa 1,99.547325,83.5276128,91.62683962,91.1786,86.199,80.55,88.2
4/30/2021,RASA,Rasa,98.553472,97.3208,96.89312275,98.4119,91.785,95.25,96.4
4/30/2021,SSP 3 BKT BDG,Sungai Selangor Fasa 3 Stage 1,97.828693,63.2492624,82.58387809,92.0246,88.992,81.32202946,82.8
4/30/2021,LANGAT 2,Langat 2,99.159355,100,89.94740053,91.0094,89.79,92.1,93.8
4/30/2021,LABOHAN DAGANG,Labohan Dagang,98.930653,89.3962784,95.09892502,92.0669,83.672,91.05,91.3
4/30/2022,Sungai Sireh,Sungai Sireh,,,,,,,82.6
4/30/2022,Bernam River Headworks,Bernam River Headworks,,,,,,,82.7
4/30/2022,RANTAU PANJANG,Rantau Panjang New,,,,,,,81.7
4/30/2022,North Hummock,North Hummock,,,,,,,81.4
4/30/2022,Batang Kali,Batang Kali,,,,,,,91.2
4/30/2022,Kuala Kubu Baru,Kuala Kubu Bharu,,,,,,,94.3
4/30/2022,Kalumpang,Kalumpang,,,,,,,91.8
4/30/2022,Sungai Selisek,Sungai Selisek,,,,,,,87
4/30/2022,Sungai Dusun,Sungai Dusun,,,,,,,91
4/30/2022,Sungai Tengi,Sungai Tengi,,,,,,,91.9
4/30/2022,Wangsa Maju,Wangsa Maju,,,,,,,74.4
4/30/2022,Bukit Nanas,Bukit Nanas,,,,,,,83.7
4/30/2022,Sungai Batu,Sungai Batu,,,,,,,83.7
4/30/2022,Sungai Gombak,Sungai Gombak,,,,,,,92.6
4/30/2022,Ampang Intake,Ampang Intake,,,,,,,86.9
4/30/2022,Sungai Rangkap,Sungai Rangkap,,,,,,,94.7
4/30/2022,Kepong,Kepong,,,,,,,93.6
4/30/2022,Sungai Rumput,Sungai Rumput,,,,,,,92
4/30/2022,Sungai Selangor Fasa 1,Sungai Selangor Fasa 1,,,,,,,86.2
12/31/2021,SSP2,Sungai Selangor Fasa 2 Stream D,99.326395,84.6495568,42.9372992,95.9585,89.258,83.7074469,82.5
4/30/2022,Sungai Selangor Fasa 3,Sungai Selangor Fasa 3 Stage 1,,,,,,,81
4/30/2022,Rasa,Rasa,,,,,,,84.2
4/30/2022,Bukit Tampoi,Bukit Tampoi,,,,,,,84.4
4/30/2022,Salak Tinggi,Salak Tinggi,,,,,,,72.2
4/30/2022,Sungai Semenyih,Sungai Semenyih,,,,,,,80.1
4/30/2022,Sungai Labu,Sungai Labu,,,,,,,81
4/30/2022,Semenyih 2,Semenyih 2,,,,,,,83.1
4/30/2022,Labohan Dagang,Labohan Dagang,,,,,,,87.4
4/30/2022,Sungai Langat,Sungai Langat,,,,,,,94.5
4/30/2022,Cheras Batu 11,Cheras Batu 11,,,,,,,83.1
4/30/2022,Sungai Pangsoon,Sungai Pangsoon,,,,,,,95
4/30/2022,Sungai Lolo,Sungai Lolo,,,,,,,93.4
4/30/2022,Sungai Serai,Sungai Serai,,,,,,,94.5
4/30/2022,Langat 2,Langat 2,,,,,,,93
4/30/2022,Intake Semantan (Langat 2),Intake Semantan (Langat 2),,,,,,,91.3
5/31/2021,BERNAM RIVER HEADWORKS,Bernam River Headworks (New),97.445888,92.7442,55.60950666,93.9704,78.352,68.62362696,81.7
5/31/2021,RANTAU PANJANG,Rantau Panjang New,98.494253,80.4754,60.77251842,94.5626,83.273,71.94234394,81.3
5/31/2021,NORTH HUMMOCK,North Hummock,90.568132,19.9572,95.09892502,93.2936,78.618,82.65,73.2
5/31/2021,BATANG KALI,Batang Kali,99.026413,100,96.89312275,95.1971,94.578,81.6,94.8
5/31/2021,KUALA KUBU BARU,Kuala Kubu Bharu,99.356093,100,96.29067101,99.131,90.721,92.1,96.5
5/31/2021,KALUMPANG,Kalumpang,96.853933,100,96.89312275,92.4053,90.721,96.3,95.6
5/31/2021,SELISEK,Sungai Selisek,98.611357,93.53,87.22958698,96.7199,90.322,75.3,90.5
5/31/2021,SG DUSUN,Sungai Dusun,97.029733,100,96.89312275,93.0398,86.997,83.7,93.3
5/31/2021,SG TENGI,Sungai Tengi,98.777008,100,92.76724071,95.1125,91.12,77.4,93
5/31/2021,SG BUAYA,Unknown,,,,,,,
12/31/2022,Sungai Selangor Fasa 2 Stream C,Sungai Selangor Fasa 2 Stream C,,,,,,,84.6
5/31/2021,SG SIREH,Sungai Sireh,93.446692,78.005,81.5929871,98.6234,59.23431171,80.55,81.7
5/31/2021,SG LANGAT,Sungai Langat,99.281677,100,81.5929871,92.4053,90.987,86.65203084,92.1
5/31/2021,BUKIT TAMPOI,Bukit Tampoi New,98.553472,48.1052,35.94829489,84.9182,73.59306163,72.36668102,66.9
5/31/2021,CHERAS MILE 11,Cheras Batu 11,99.072292,48.1052,71.2027333,92.4476,87.263,75.39796886,76.7
5/31/2021,SALAK TINGGI,Salak Tinggi,97.901252,5.68,60.77251842,93.9281,86.066,83.7074469,66.9
5/31/2021,SG PANGSOON,Sungai Pangsoon,99.12728,100,95.69261497,96.0854,88.46,92.1,95.4
5/31/2021,SG LOLO,Sungai Lolo - Baru,87.367955,100,96.29067101,96.4661,84.869,94.2,93.9
5/31/2021,SG SERAI,Sungai Serai,98.868875,96.2412,96.89312275,96.4661,92.45,96.3,96.1
5/31/2021,BUKIT NANAS,Bukit Nanas,96.097373,2.9688,95.09892502,97.862,90.189,86.65203084,73.4
5/31/2021,SG BATU,Sungai Batu,99.242468,72.7858,95.09892502,96.0854,86.066,71.1,85.8
5/31/2021,GOMBAK,Sungai Gombak,93.757195,100,95.69261497,99.0041,92.583,83.7,94.7
5/31/2021,AMPANG INTAKE,Ampang Intake,96.603395,100,84.61040919,93.7166,95.642,87.9,93.4
5/31/2021,SG RANGKAP,Sungai Rangkap,98.9792,100,95.69261497,98.285,94.179,81.6,95.2
5/31/2021,KEPONG,Kepong,97.01182,100,96.29067101,93.8012,95.11,87.9,95.3
5/31/2021,SG RUMPUT,Sungai Rumput,95.19662,100,94.50957173,95.1125,88.46,90,94.3
5/31/2021,WANGSA MAJU,Wangsa Maju,98.9792,4.2356,96.29067101,89.8673,92.317,85.66038147,72.9
5/31/2021,SG SEMENYIH,Sungai Semenyih,97.7548,45.1104,58.18380384,93.3782,87.662,92.1,76.5
5/31/2021,SG LABU,Sungai Labu,96.486325,27.78,96.89312275,94.3511,90.987,80.55,77.8
5/31/2021,SEMENYIH 2,Semenyih 2,98.4337,96.2412,95.69261497,89.1482,84.071,92.1,92.5
5/31/2021,SSP 1,Sungai Selangor Fasa 1,99.356093,91.9176,83.58961808,96.2123,87.795,74.52088135,89
5/31/2021,RASA,Rasa,98.9792,78.005,63.52731301,93.0398,87.396,79.5,82.8
5/31/2021,SSP 3 BKT BDG,Sungai Selangor Fasa 3 Stage 1,99.160048,76.7332,84.61040919,98.5388,84.736,83.7,87.2
5/31/2021,LANGAT 2,Langat 2,98.930653,100,89.39578585,94.4357,92.982,83.7,93.5
5/31/2021,LABOHAN DAGANG,Labohan Dagang,98.4337,95.6306,95.69261497,89.6135,84.736,85.8,91.6
5/31/2022,Sungai Sireh,Sungai Sireh,,,,,,,85.7
5/31/2022,Bernam River Headworks,Bernam River Headworks,,,,,,,94.2
5/31/2022,RANTAU PANJANG,Rantau Panjang New,,,,,,,85.5
5/31/2022,North Hummock,North Hummock,,,,,,,82.8
5/31/2022,Batang Kali,Batang Kali,,,,,,,87.6
5/31/2022,Kuala Kubu Baru,Kuala Kubu Bharu,,,,,,,93.7
5/31/2022,Kalumpang,Kalumpang,,,,,,,92.7
5/31/2022,Sungai Selisek,Sungai Selisek,,,,,,,87.4
5/31/2022,Sungai Dusun,Sungai Dusun,,,,,,,91.4
5/31/2022,Sungai Tengi,Sungai Tengi,,,,,,,92.3
5/31/2022,Wangsa Maju,Wangsa Maju,,,,,,,71.8
5/31/2022,Bukit Nanas,Bukit Nanas,,,,,,,68.7
5/31/2022,Sungai Batu,Sungai Batu,,,,,,,87.1
5/31/2022,Sungai Gombak,Sungai Gombak,,,,,,,92.4
5/31/2022,Ampang Intake,Ampang Intake,,,,,,,89.5
5/31/2022,Sungai Rangkap,Sungai Rangkap,,,,,,,95.1
5/31/2022,Kepong,Kepong,,,,,,,93.2
5/31/2022,Sungai Rumput,Sungai Rumput,,,,,,,90.6
5/31/2022,Sungai Selangor Fasa 1,Sungai Selangor Fasa 1,,,,,,,79.8
12/31/2022,Sungai Selangor Fasa 2 Stream C,Sungai Selangor Fasa 2 Stream D,,,,,,,84.6
5/31/2022,Sungai Selangor Fasa 3,Sungai Selangor Fasa 3 Stage 1,,,,,,,85.6
5/31/2022,Rasa,Rasa,,,,,,,85.6
5/31/2022,Bukit Tampoi,Bukit Tampoi,,,,,,,83.4
5/31/2022,Salak Tinggi,Salak Tinggi,,,,,,,72.9
5/31/2022,Sungai Semenyih,Sungai Semenyih,,,,,,,81.7
5/31/2022,Sungai Labu,Sungai Labu,,,,,,,80.1
5/31/2022,Semenyih 2,Semenyih 2,,,,,,,88
5/31/2022,Labohan Dagang,Labohan Dagang,,,,,,,92.1
5/31/2022,Sungai Langat,Sungai Langat,,,,,,,94.8
5/31/2022,Cheras Batu 11,Cheras Batu 11,,,,,,,88
5/31/2022,Sungai Pangsoon,Sungai Pangsoon,,,,,,,93.5
5/31/2022,Sungai Lolo,Sungai Lolo,,,,,,,93.7
5/31/2022,Sungai Serai,Sungai Serai,,,,,,,94.8
5/31/2022,Langat 2,Langat 2,,,,,,,92.7
5/31/2022,Intake Semantan (Langat 2),Intake Semantan (Langat 2),,,,,,,88.7
6/30/2021,BERNAM RIVER HEADWORKS,Bernam River Headworks (New),98.34302,83.98,82.58387809,97.3967,93.514,81.6,89.2
6/30/2021,RANTAU PANJANG,Rantau Panjang New,97.670755,85.0898,61.44529507,96.593,82.874,77.4,83.5
6/30/2021,NORTH HUMMOCK,North Hummock,95.144192,19.9572,97.5,97.9889,72.5,86.65203084,74.6
6/30/2021,BATANG KALI,Batang Kali,95.9968,75.4386,95.09892502,97.5659,92.45,92.1,90.5
6/30/2021,KUALA KUBU BARU,Kuala Kubu Bharu,99.356093,100,96.29067101,99.0041,89.258,96.3,96.9
6/30/2021,KALUMPANG,Kalumpang,98.777008,100,96.29067101,97.9466,93.381,95.25,97.1
6/30/2021,SELISEK,Sungai Selisek,95.791652,83.98,86.69796706,94.3511,79.416,84.75,87.2
6/30/2021,SG DUSUN,Sungai Dusun,93.576613,100,96.29067101,99.4271,98.036,83.7,95.8
6/30/2021,SG TENGI,Sungai Tengi,95.031613,100,89.94740053,88.6406,85.268,85.8,91.1
6/30/2021,SG BUAYA,Unknown,,,,,,,
2/28/2021,Sungai Selangor Fasa 2,Sungai Selangor Fasa 2 Stream C,96.294517,49.1550054,87.22958698,96.4661,86.066,80.55,80.5
6/30/2021,SG SIREH,Sungai Sireh,95.144192,95.6306,91.06289964,97.5236,96.041,81.6,93.2
6/30/2021,SG LANGAT,Sungai Langat,98.611357,100,79.65495716,82.2533,79.948,80.85223858,87.1
6/30/2021,BUKIT TAMPOI,Bukit Tampoi New,98.178148,80.4754,66.08123849,94.6049,89.657,36.98800607,77.9
6/30/2021,CHERAS MILE 11,Cheras Batu 11,97.603012,51.1048,56.79678766,85.4681,83.938,48.12948692,68.9
6/30/2021,SALAK TINGGI,Salak Tinggi,98.930653,5.68,79.17942196,80.1383,80.613,64.27271573,63.6
6/30/2021,SG PANGSOON,Sungai Pangsoon,99.19022,100,96.29067101,94.6049,91.253,94.2,96
6/30/2021,SG LOLO,Sungai Lolo - Baru,98.98688,100,95.69261497,92.1515,93.647,90,95.2
6/30/2021,SG SERAI,Sungai Serai,99.19022,96.2412,96.89312275,95.8316,89.391,91.05,94.7
6/30/2021,BUKIT NANAS,Bukit Nanas,94.9177,3.5794,96.29067101,93.9281,92.982,77.6300991,72
6/30/2021,SG BATU,Sungai Batu,99.457712,90.1468,96.89312275,92.0669,80.081,86.65203084,90.6
6/30/2021,GOMBAK,Sungai Gombak,98.600195,100,93.9245259,91.7708,86.864,91.05,93.9
6/30/2021,AMPANG INTAKE,Ampang Intake,96.85208,100,95.09892502,91.3901,90.987,90,94.3
6/30/2021,SG RANGKAP,Sungai Rangkap,96.764032,100,96.29067101,99.0041,91.386,90,96
6/30/2021,KEPONG,Kepong,97.01182,100,95.69261497,90.3749,86.332,94.2,94.1
6/30/2021,SG RUMPUT,Sungai Rumput,95.39992,100,92.76724071,89.3597,91.519,96.3,94.4
6/30/2021,WANGSA MAJU,Wangsa Maju,99.116837,4.2356,96.29067101,91.3901,86.997,81.79423265,71.8
6/30/2021,SG SEMENYIH,Sungai Semenyih,98.110925,22.4768,74.61492163,97.3121,82.475,86.15492887,73.3
6/30/2021,SG LABU,Sungai Labu,98.4337,57.08,96.29067101,86.4833,87.396,91.05,83.8
6/30/2021,SEMENYIH 2,Semenyih 2,99.35,65.8388,94.50957173,80.16133747,90.854,92.1,85.1
6/30/2021,SSP 1,Sungai Selangor Fasa 1,99.624932,85.0898,88.30468878,95.4932,88.194,73.2,88
6/30/2021,RASA,Rasa,98.494253,72.7858,93.9245259,99.0041,92.45,87.9,89.6
6/30/2021,SSP 3 BKT BDG,Sungai Selangor Fasa 3 Stage 1,99.19022,80.4754,87.22958698,97.2275,85.534,83.7,88.3
6/30/2021,LANGAT 2,Langat 2,98.880772,100,73.74246054,84.7913,90.189,92.1,90
6/30/2021,LABOHAN DAGANG,Labohan Dagang,87.19552,93.53,95.69261497,93.8012,88.46,96.3,92.8
6/30/2022,Sungai Sireh,Sungai Sireh,,,,,,,81.7
6/30/2022,Bernam River Headworks,Bernam River Headworks,,,,,,,87.9
6/30/2022,RANTAU PANJANG,Rantau Panjang New,,,,,,,85.4
6/30/2022,North Hummock,North Hummock,,,,,,,86.1
6/30/2022,Batang Kali,Batang Kali,,,,,,,78.6
6/30/2022,Kuala Kubu Baru,Kuala Kubu Bharu,,,,,,,93.1
6/30/2022,Kalumpang,Kalumpang,,,,,,,94.9
6/30/2022,Sungai Selisek,Sungai Selisek,,,,,,,86.5
6/30/2022,Sungai Dusun,Sungai Dusun,,,,,,,87.9
6/30/2022,Sungai Tengi,Sungai Tengi,,,,,,,90.5
6/30/2022,Wangsa Maju,Wangsa Maju,,,,,,,71.4
6/30/2022,Bukit Nanas,Bukit Nanas,,,,,,,78.1
6/30/2022,Sungai Batu,Sungai Batu,,,,,,,87.2
6/30/2022,Sungai Gombak,Sungai Gombak,,,,,,,92.8
6/30/2022,Ampang Intake,Ampang Intake,,,,,,,92.7
6/30/2022,Sungai Rangkap,Sungai Rangkap,,,,,,,93.4
6/30/2022,Kepong,Kepong,,,,,,,94.5
6/30/2022,Sungai Rumput,Sungai Rumput,,,,,,,93.2
6/30/2022,Sungai Selangor Fasa 1,Sungai Selangor Fasa 1,,,,,,,87.9
6/30/2022,Sungai Selangor Fasa 3,Sungai Selangor Fasa 3 Stage 1,,,,,,,77.2
6/30/2022,Rasa,Rasa,,,,,,,87.7
6/30/2022,Bukit Tampoi,Bukit Tampoi,,,,,,,76.1
6/30/2022,Salak Tinggi,Salak Tinggi,,,,,,,64.6
6/30/2022,Sungai Semenyih,Sungai Semenyih,,,,,,,80.7
6/30/2022,Sungai Labu,Sungai Labu,,,,,,,79.9
6/30/2022,Semenyih 2,Semenyih 2,,,,,,,81.7
6/30/2022,Labohan Dagang,Labohan Dagang,,,,,,,87.5
6/30/2022,Sungai Langat,Sungai Langat,,,,,,,90.6
6/30/2022,Cheras Batu 11,Cheras Batu 11,,,,,,,86.7
6/30/2022,Sungai Pangsoon,Sungai Pangsoon,,,,,,,93.4
6/30/2022,Sungai Lolo,Sungai Lolo,,,,,,,93.9
6/30/2022,Sungai Serai,Sungai Serai,,,,,,,94.8
6/30/2022,Langat 2,Langat 2,,,,,,,90.8
6/30/2022,Intake Semantan (Langat 2),Intake Semantan (Langat 2),,,,,,,90.2
7/31/2021,BERNAM RIVER HEADWORKS,Bernam River Headworks (New),99.425173,93.53,38.58627652,89.6558,81.81,77.4,80.4
7/31/2021,RANTAU PANJANG,Rantau Panjang New,98.611357,82.8402,68.77588083,93.0398,90.588,73.22182087,84.2
7/31/2021,NORTH HUMMOCK,North Hummock,89.2673,19.9572,96.29067101,93.8435,68.78950395,84.75,72.1
7/31/2021,BATANG KALI,Batang Kali,98.777008,92.7442,96.29067101,95.2394,94.046,96.3,95.3
7/31/2021,KUALA KUBU BARU,Kuala Kubu Bharu,98.880772,100,95.09892502,98.7503,94.046,95.25,97.2
7/31/2021,KALUMPANG,Kalumpang,99.319552,100,95.69261497,85.0451,91.12,94.2,94.1
7/31/2021,SELISEK,Sungai Selisek,97.972477,87.2146,82.58387809,93.8012,89.391,87.9,89.5
7/31/2021,SG DUSUN,Sungai Dusun,98.494253,96.805,95.69261497,83.903,92.849,96.3,93.7
7/31/2021,SG TENGI,Sungai Tengi,98.371813,100,93.9245259,96.4238,89.923,91.05,95.2
7/31/2021,SG BUAYA,Unknown,,,,,,,
2/28/2022,Sungai Selangor Fasa 2 Stream C,Sungai Selangor Fasa 2 Stream C,,,,,,,81.7
7/31/2021,SG SIREH,Sungai Sireh,97.901252,94.2738,81.5929871,91.517,75.692,75.3,86.3
7/31/2021,SG LANGAT,Sungai Langat,99.275555,100,81.5929871,89.2751,91.253,78.45,90.3
7/31/2021,BUKIT TAMPOI,Bukit Tampoi New,99.319552,80.4754,33.88449425,91.3901,62.69228369,49.36420736,69.8
7/31/2021,CHERAS MILE 11,Cheras Batu 11,99.624932,40.6482,54.96943596,89.1482,92.317,74.95831193,72.6
7/31/2021,SALAK TINGGI,Salak Tinggi,98.90942,4.2356,64.96985464,93.0398,86.864,58.71102741,63.6
7/31/2021,SG PANGSOON,Sungai Pangsoon,89.18488,97.3208,96.89312275,91.094,94.046,94.2,94.1
7/31/2021,SG LOLO,Sungai Lolo - Baru,88.86542,100,96.29067101,83.3108,92.716,96.3,93.2
7/31/2021,SG SERAI,Sungai Serai,97.089875,100,96.89312275,97.2275,96.307,94.2,97.2
7/31/2021,BUKIT NANAS,Bukit Nanas,96.672797,4.2356,95.09892502,97.3121,90.455,70.05,71.2
7/31/2021,SG BATU,Sungai Batu,95.59838,89.205,96.29067101,92.8283,83.938,91.05,91.2
7/31/2021,GOMBAK,Sungai Gombak,98.784155,100,96.29067101,100.0193,96.972,94.2,97.9
7/31/2021,AMPANG INTAKE,Ampang Intake,79.083875,100,93.3437585,99.3848,96.44,88.95,94.1
7/31/2021,SG RANGKAP,Sungai Rangkap,99.3913,100,92.76724071,95.7047,90.987,92.1,95.3
7/31/2021,KEPONG,Kepong,89.025755,100,96.89312275,99.6809,97.903,92.1,96.6
7/31/2021,SG RUMPUT,Sungai Rumput,88.045595,100,92.76724071,99.8924,97.105,96.3,96.4
7/31/2021,WANGSA MAJU,Wangsa Maju,98.880772,8.1586,96.29067101,98.8772,96.706,85.16837405,76.1
7/31/2021,SG SEMENYIH,Sungai Semenyih,95.365348,29.1538,69.17271037,83.6915,85.8,84.75,71.3
7/31/2021,SG LABU,Sungai Labu,98.178148,26.4242,96.29067101,88.5137,87.529,91.05,77.5
7/31/2021,SEMENYIH 2,Semenyih 2,94.328125,33.3712,94.50957173,86.6948,88.327,91.05,78
7/31/2021,SSP 1,Sungai Selangor Fasa 1,99.201925,34.805,58.18380384,87.8369,83.539,80.38484623,71
7/31/2021,RASA,Rasa,99.116837,64.405,91.62683962,96.5507,91.785,91.05,87.4
7/31/2021,SSP 3 BKT BDG,Sungai Selangor Fasa 3 Stage 1,97.972477,37.7074,57.34244207,94.055,85.401,86.85,73.8
7/31/2021,LANGAT 2,Langat 2,99.159355,100,68.77588083,88.7252,94.046,91.05,90.5
7/31/2021,LABOHAN DAGANG,Labohan Dagang,99.648133,87.2146,96.89312275,94.0973,86.731,93.15,92.4
7/31/2022,Sungai Sireh,Sungai Sireh,,,,,,,67.4
7/31/2022,Bernam River Headworks,Bernam River Headworks,,,,,,,86.6
7/31/2022,RANTAU PANJANG,Rantau Panjang New,,,,,,,88.9
7/31/2022,North Hummock,North Hummock,,,,,,,85
7/31/2022,Batang Kali,Batang Kali,,,,,,,85
7/31/2022,Kuala Kubu Baru,Kuala Kubu Bharu,,,,,,,94.2
7/31/2022,Kalumpang,Kalumpang,,,,,,,93.1
7/31/2022,Sungai Selisek,Sungai Selisek,,,,,,,85.1
7/31/2022,Sungai Dusun,Sungai Dusun,,,,,,,88.5
7/31/2022,Sungai Tengi,Sungai Tengi,,,,,,,92.5
7/31/2022,Wangsa Maju,Wangsa Maju,,,,,,,71.5
7/31/2022,Bukit Nanas,Bukit Nanas,,,,,,,73.8
7/31/2022,Sungai Batu,Sungai Batu,,,,,,,81.7
7/31/2022,Sungai Gombak,Sungai Gombak,,,,,,,91.9
7/31/2022,Ampang Intake,Ampang Intake,,,,,,,91.4
7/31/2022,Sungai Rangkap,Sungai Rangkap,,,,,,,86.9
7/31/2022,Kepong,Kepong,,,,,,,92.2
7/31/2022,Sungai Rumput,Sungai Rumput,,,,,,,91.3
7/31/2022,Sungai Selangor Fasa 1,Sungai Selangor Fasa 1,,,,,,,86.7
2/28/2022,Sungai Selangor Fasa 2 Stream C,Sungai Selangor Fasa 2 Stream D,,,,,,,81.7
7/31/2022,Sungai Selangor Fasa 3,Sungai Selangor Fasa 3 Stage 1,,,,,,,77.2
7/31/2022,Rasa,Rasa,,,,,,,86.5
7/31/2022,Bukit Tampoi,Bukit Tampoi,,,,,,,91.4
7/31/2022,Salak Tinggi,Salak Tinggi,,,,,,,68.8
7/31/2022,Sungai Semenyih,Sungai Semenyih,,,,,,,72.1
7/31/2022,Sungai Labu,Sungai Labu,,,,,,,82.9
7/31/2022,Semenyih 2,Semenyih 2,,,,,,,79.5
7/31/2022,Labohan Dagang,Labohan Dagang,,,,,,,93.9
7/31/2022,Sungai Langat,Sungai Langat,,,,,,,90.2
7/31/2022,Cheras Batu 11,Cheras Batu 11,,,,,,,82.3
7/31/2022,Sungai Pangsoon,Sungai Pangsoon,,,,,,,92.1
7/31/2022,Sungai Lolo,Sungai Lolo,,,,,,,93.3
7/31/2022,Sungai Serai,Sungai Serai,,,,,,,92.6
7/31/2022,Langat 2,Langat 2,,,,,,,91.1
7/31/2022,Intake Semantan (Langat 2),Intake Semantan (Langat 2),,,,,,,93.3
8/31/2021,BERNAM RIVER HEADWORKS,Bernam River Headworks (New),98.73998,96.0628794,77.31244979,91.3055,87.795,80.55,88.8
8/31/2021,RANTAU PANJANG,Rantau Panjang New,98.930653,86.3802704,62.82254821,92.1515,86.199,77.6300991,83.9
8/31/2021,NORTH HUMMOCK,North Hummock,85.249792,32.8013088,96.29067101,82.9301,72.5,84.75,72.9
8/31/2021,BATANG KALI,Batang Kali,98.042368,57.821725,96.89312275,84.4106,77.288,84.75,81.1
8/31/2021,KUALA KUBU BARU,Kuala Kubu Bharu,99.319552,100,95.09892502,91.517,93.913,90,95
8/31/2021,KALUMPANG,Kalumpang,98.178148,100,87.22958698,97.1006,82.741,92.1,93.2
8/31/2021,SELISEK,Sungai Selisek,97.679573,95.308125,77.31244979,98.4119,88.194,90,91.4
8/31/2021,SG DUSUN,Sungai Dusun,98.308592,92.6633562,96.29067101,93.8435,91.253,87.9,93.2
8/31/2021,SG TENGI,Sungai Tengi,98.723125,100,75.50061967,89.9942,79.948,88.95,89.2
8/31/2021,SG BUAYA,Unknown,,,,,,,
3/31/2021,Sungai Selangor Fasa 2,Sungai Selangor Fasa 2 Stream C,94.448708,44.6621874,94.50957173,95.0702,89.79,77.4,80.3
8/31/2021,SG SIREH,Sungai Sireh,98.930653,72.3810214,83.08487939,90.3749,81.012,69,81.6
8/31/2021,SG LANGAT,Sungai Langat,97.828693,82.9554958,92.19494389,89.2328,88.593,78.45,87.6
8/31/2021,BUKIT TAMPOI,Bukit Tampoi New,98.723125,85.1990838,67.99123262,83.7761,70.86165832,42.85582775,75.2
8/31/2021,CHERAS MILE 11,Cheras Batu 11,98.777008,51.1048,76.85438084,78.6324304,86.332,30.77598149,68.8
8/31/2021,SALAK TINGGI,Salak Tinggi,97.7548,5.5278416,56.25488347,91.1786,71.21254739,57.64732959,59.3
8/31/2021,SG PANGSOON,Sungai Pangsoon,97.73792,97.2215376,97.5,92.2784,96.44,91.05,95.3
8/31/2021,SG LOLO,Sungai Lolo - Baru,95.59838,100,96.89312275,89.4866,87.529,90,93.5
8/31/2021,SG SERAI,Sungai Serai,98.287955,100,96.89312275,94.9856,94.977,87.9,95.7
8/31/2021,BUKIT NANAS,Bukit Nanas,95.9968,6.3053376,96.89312275,82.1687,90.854,85.66038147,71.4
8/31/2021,SG BATU,Sungai Batu,98.110925,88.4255824,96.29067101,83.6915,82.209,90,89.2
8/31/2021,GOMBAK,Sungai Gombak,99.574528,100,96.29067101,88.2599,91.253,85.8,93.6
8/31/2021,AMPANG INTAKE,Ampang Intake,81.668555,100,94.50957173,92.9552,95.376,90,93.3
8/31/2021,SG RANGKAP,Sungai Rangkap,99.159355,100,96.29067101,89.2751,93.115,93.15,95.1
8/31/2021,KEPONG,Kepong,96.603395,100,96.89312275,89.5289,94.046,92.1,95
8/31/2021,SG RUMPUT,Sungai Rumput,93.638,100,95.09892502,86.4833,88.726,90,92.6
8/31/2021,WANGSA MAJU,Wangsa Maju,99.600397,5.68,96.89312275,91.8131,94.312,69,71.6
8/31/2021,SG SEMENYIH,Sungai Semenyih,96.9425,8.606175,75.05610483,86.6102,80.48,79.91983869,66.9
8/31/2021,SG LABU,Sungai Labu,99.547325,65.2667968,96.29067101,84.4106,87.263,91.05,85.4
8/31/2021,SEMENYIH 2,Semenyih 2,98.9792,33.6569424,95.69261497,84.2837,84.603,73.22182087,75.1
8/31/2021,SSP 1,Sungai Selangor Fasa 1,99.35,86.9042134,51.64326846,85.2143,85.401,80.85223858,81.3
8/31/2021,RASA,Rasa,96.853933,77.8788802,80.6167457,90.3749,91.652,92.1,87.3
8/31/2021,SSP 3 BKT BDG,Sungai Selangor Fasa 3 Stage 1,99.160048,72.3810214,37.25347537,92.8283,82.741,88.95,78
8/31/2021,LANGAT 2,Langat 2,99.275555,100,93.9245259,86.1449,93.381,95.25,94.5
8/31/2021,LABOHAN DAGANG,Labohan Dagang,99.3913,89.680475,96.89312275,84.5375,83.805,93.15,90.6
8/31/2022,Sungai Sireh,Sungai Sireh,,,,,,,79
8/31/2022,Bernam River Headworks,Bernam River Headworks,,,,,,,88.1
8/31/2022,RANTAU PANJANG,Rantau Panjang New,,,,,,,81.9
8/31/2022,North Hummock,North Hummock,,,,,,,84.5
8/31/2022,Batang Kali,Batang Kali,,,,,,,80.7
8/31/2022,Kuala Kubu Baru,Kuala Kubu Bharu,,,,,,,89.1
8/31/2022,Kalumpang,Kalumpang,,,,,,,93
8/31/2022,Sungai Selisek,Sungai Selisek,,,,,,,85.7
8/31/2022,Sungai Dusun,Sungai Dusun,,,,,,,89.6
8/31/2022,Sungai Tengi,Sungai Tengi,,,,,,,91.6
8/31/2022,Wangsa Maju,Wangsa Maju,,,,,,,74.3
8/31/2022,Bukit Nanas,Bukit Nanas,,,,,,,71.3
8/31/2022,Sungai Batu,Sungai Batu,,,,,,,87.2
8/31/2022,Sungai Gombak,Sungai Gombak,,,,,,,93.1
8/31/2022,Ampang Intake,Ampang Intake,,,,,,,94.1
8/31/2022,Sungai Rangkap,Sungai Rangkap,,,,,,,92.3
8/31/2022,Kepong,Kepong,,,,,,,93.5
8/31/2022,Sungai Rumput,Sungai Rumput,,,,,,,92.5
8/31/2022,Sungai Selangor Fasa 1,Sungai Selangor Fasa 1,,,,,,,78.7
3/31/2021,Sungai Selangor Fasa 2,Sungai Selangor Fasa 2 Stream D,94.448708,44.6621874,94.50957173,95.0702,89.79,77.4,80.3
8/31/2022,Sungai Selangor Fasa 3,Sungai Selangor Fasa 3 Stage 1,,,,,,,73
8/31/2022,Rasa,Rasa,,,,,,,80
8/31/2022,Bukit Tampoi,Bukit Tampoi,,,,,,,79.7
8/31/2022,Salak Tinggi,Salak Tinggi,,,,,,,68.2
8/31/2022,Sungai Semenyih,Sungai Semenyih,,,,,,,74.3
8/31/2022,Sungai Labu,Sungai Labu,,,,,,,86.6
8/31/2022,Semenyih 2,Semenyih 2,,,,,,,89.3
8/31/2022,Labohan Dagang,Labohan Dagang,,,,,,,92.1
8/31/2022,Sungai Langat,Sungai Langat,,,,,,,93.5
8/31/2022,Cheras Batu 11,Cheras Batu 11,,,,,,,80.5
8/31/2022,Sungai Pangsoon,Sungai Pangsoon,,,,,,,91.9
8/31/2022,Sungai Lolo,Sungai Lolo,,,,,,,92
8/31/2022,Sungai Serai,Sungai Serai,,,,,,,92.4
8/31/2022,Langat 2,Langat 2,,,,,,,90.7
8/31/2022,Intake Semantan (Langat 2),Intake Semantan (Langat 2),,,,,,,92
9/30/2021,BERNAM RIVER HEADWORKS,Bernam River Headworks (New),99.026413,91.489375,57.01459772,77.30641086,85.268,75.39796886,80.8
9/30/2021,RANTAU PANJANG,Rantau Panjang New,98.178148,86.1684,91.06289964,96.5507,90.987,80.85223858,90.3
9/30/2021,NORTH HUMMOCK,North Hummock,89.2673,7.2924,88.30468878,97.0583,68.44960587,59.79056748,64.8
9/30/2021,BATANG KALI,Batang Kali,94.082957,64.405,96.29067101,97.7351,93.514,77.4,86
9/30/2021,KUALA KUBU BARU,Kuala Kubu Bharu,99.281677,100,95.69261497,98.1158,87.396,85.8,94.7
9/30/2021,KALUMPANG,Kalumpang,98.4337,100,96.29067101,97.9889,93.913,88.95,96.2
9/30/2021,SELISEK,Sungai Selisek,99.116837,88.1274862,88.84822437,98.0735,90.322,95.25,92.9
9/30/2021,SG DUSUN,Sungai Dusun,96.9425,100,94.50957173,97.6082,92.317,76.35,93.5
9/30/2021,SG TENGI,Sungai Tengi,97.7548,100,79.65495716,98.7926,88.061,87.9,92.5
9/30/2021,SG BUAYA,Unknown,,,,,,,
3/31/2022,Sungai Selangor Fasa 2 Stream C,Sungai Selangor Fasa 2 Stream C,,,,,,,80.7
9/30/2021,SG SIREH,Sungai Sireh,98.244037,88.1274862,93.9245259,77.74604353,46.08038911,86.85,81.4
9/30/2021,SG LANGAT,Sungai Langat,97.901252,100,78.7074274,91.0517,88.859,67.01368113,87.9
9/30/2021,BUKIT TAMPOI,Bukit Tampoi New,98.9792,82.259425,76.39973485,77.70197385,79.283,39.31613385,75.5
9/30/2021,CHERAS MILE 11,Cheras Batu 11,97.679573,47.5055488,67.99123262,82.5494,92.051,40.38245577,69.5
9/30/2021,SALAK TINGGI,Salak Tinggi,98.4337,61.9406426,46.06582649,86.3564,79.283,64.27271573,71.5
9/30/2021,SG PANGSOON,Sungai Pangsoon,95.19662,97.5134112,96.89312275,90.671,86.864,90,93
9/30/2021,SG LOLO,Sungai Lolo - Baru,99.159355,100,96.29067101,92.1938,95.642,91.05,95.8
9/30/2021,SG SERAI,Sungai Serai,99.12728,92.4183888,96.89312275,93.7166,96.041,83.7,93.5
9/30/2021,BUKIT NANAS,Bukit Nanas,94.802453,0,96.89312275,90.248,91.519,62.37265492,68
9/30/2021,SG BATU,Sungai Batu,99.600397,82.3761488,95.69261497,77.30641086,80.48,91.05,86.6
9/30/2021,GOMBAK,Sungai Gombak,97.86862,100,96.29067101,98.9618,89.657,81.6,94.5
9/30/2021,AMPANG INTAKE,Ampang Intake,96.34382,100,94.50957173,98.3696,94.711,87.9,95.7
9/30/2021,SG RANGKAP,Sungai Rangkap,96.770395,100,95.69261497,98.2004,96.573,75.3,94.3
9/30/2021,KEPONG,Kepong,95.093155,93.4532902,96.29067101,95.4509,92.982,90,93.9
9/30/2021,SG RUMPUT,Sungai Rumput,93.757195,100,93.3437585,100.0193,99.1,88.95,96.4
9/30/2021,WANGSA MAJU,Wangsa Maju,97.445888,20.8280854,96.29067101,77.74604353,90.056,68.62362696,71.2
9/30/2021,SG SEMENYIH,Sungai Semenyih,96.580228,54.6971392,66.45741652,95.6201,96.573,81.6,80.1
9/30/2021,SG LABU,Sungai Labu,97.365325,38.1463066,96.89312275,99.4271,97.371,93.15,84
9/30/2021,SEMENYIH 2,Semenyih 2,98.110925,42.13,95.09892502,88.0907,90.987,96.3,82
9/30/2021,SSP 1,Sungai Selangor Fasa 1,98.494253,40.7960758,91.06289964,97.9043,88.327,84.75,80.8
9/30/2021,RASA,Rasa,97.901252,82.3761488,95.09892502,98.3273,91.785,92.1,92.3
9/30/2021,SSP 3 BKT BDG,Sungai Selangor Fasa 3 Stage 1,96.672797,36.977825,73.31113821,77.61390553,84.337,88.95,73
9/30/2021,LANGAT 2,Langat 2,99.12728,100,89.39578585,85.172,90.854,65.82722779,88.8
9/30/2021,LABOHAN DAGANG,Labohan Dagang,97.200197,65.5530576,96.29067101,78.14373847,89.391,91.05,84.3
9/30/2022,Sungai Sireh,Sungai Sireh,,,,,,,73.3
9/30/2022,Bernam River Headworks,Bernam River Headworks,,,,,,,85.2
9/30/2022,RANTAU PANJANG,Rantau Panjang New,,,,,,,82.1
9/30/2022,North Hummock,North Hummock,,,,,,,80.3
9/30/2022,Batang Kali,Batang Kali,,,,,,,79.4
9/30/2022,Kuala Kubu Baru,Kuala Kubu Bharu,,,,,,,93.5
9/30/2022,Kalumpang,Kalumpang,,,,,,,96.3
9/30/2022,Sungai Selisek,Sungai Selisek,,,,,,,87.7
9/30/2022,Sungai Dusun,Sungai Dusun,,,,,,,89.7
9/30/2022,Sungai Tengi,Sungai Tengi,,,,,,,94.6
9/30/2022,Wangsa Maju,Wangsa Maju,,,,,,,73.7
9/30/2022,Bukit Nanas,Bukit Nanas,,,,,,,78.9
9/30/2022,Sungai Batu,Sungai Batu,,,,,,,86.8
9/30/2022,Sungai Gombak,Sungai Gombak,,,,,,,91.1
9/30/2022,Ampang Intake,Ampang Intake,,,,,,,91.7
9/30/2022,Sungai Rangkap,Sungai Rangkap,,,,,,,94.1
9/30/2022,Kepong,Kepong,,,,,,,93.7
9/30/2022,Sungai Rumput,Sungai Rumput,,,,,,,90.5
9/30/2022,Sungai Selangor Fasa 1,Sungai Selangor Fasa 1,,,,,,,85.1
3/31/2022,Sungai Selangor Fasa 2 Stream C,Sungai Selangor Fasa 2 Stream D,,,,,,,80.7
9/30/2022,Sungai Selangor Fasa 3,Sungai Selangor Fasa 3 Stage 1,,,,,,,85.5
9/30/2022,Rasa,Rasa,,,,,,,77.9
9/30/2022,Bukit Tampoi,Bukit Tampoi,,,,,,,91.9
9/30/2022,Salak Tinggi,Salak Tinggi,,,,,,,77.3
9/30/2022,Sungai Semenyih,Sungai Semenyih,,,,,,,79
9/30/2022,Sungai Labu,Sungai Labu,,,,,,,87.3
9/30/2022,Semenyih 2,Semenyih 2,,,,,,,91.3
9/30/2022,Labohan Dagang,Labohan Dagang,,,,,,,80.3
9/30/2022,Sungai Langat,Sungai Langat,,,,,,,91
9/30/2022,Cheras Batu 11,Cheras Batu 11,,,,,,,85.9
9/30/2022,Sungai Pangsoon,Sungai Pangsoon,,,,,,,96.6
9/30/2022,Sungai Lolo,Sungai Lolo,,,,,,,94.9
9/30/2022,Sungai Serai,Sungai Serai,,,,,,,95
9/30/2022,Langat 2,Langat 2,,,,,,,93.6
9/30/2022,Intake Semantan (Langat 2),Intake Semantan (Langat 2),,,,,,,91.6
1/31/2022,RANTAU PANJANG,Rantau Panjang Old,,,,,,,81
10/31/2022,RANTAU PANJANG,Rantau Panjang Old,,,,,,,78.9
11/30/2022,RANTAU PANJANG,Rantau Panjang Old,,,,,,,84.2
12/31/2022,RANTAU PANJANG,Rantau Panjang Old,,,,,,,82.9
2/28/2022,RANTAU PANJANG,Rantau Panjang Old,,,,,,,83.9
3/31/2022,RANTAU PANJANG,Rantau Panjang Old,,,,,,,81.8
4/30/2022,RANTAU PANJANG,Rantau Panjang Old,,,,,,,81.7
5/31/2022,RANTAU PANJANG,Rantau Panjang Old,,,,,,,85.5
6/30/2022,RANTAU PANJANG,Rantau Panjang Old,,,,,,,85.4
7/31/2022,RANTAU PANJANG,Rantau Panjang Old,,,,,,,88.9
8/31/2022,RANTAU PANJANG,Rantau Panjang Old,,,,,,,81.9
9/30/2022,RANTAU PANJANG,Rantau Panjang Old,,,,,,,82.1
1/31/2021,Rantau Panjang,Rantau Panjang Old,97.828693,94.0551414,45.41001156,93.4628,86.066,82.74593147,83.6
10/31/2021,RANTAU PANJANG,Rantau Panjang Old,98.287955,90.603825,83.58961808,94.6049,87.529,72.79316921,88
11/30/2021,RANTAU PANJANG,Rantau Panjang Old,98.648,87.1114722,57.25405397,97.6505,90.056,73.65264843,84.2
12/31/2021,RANTAU PANJANG,Rantau Panjang Old,99.023795,90.8735136,54.59313307,96.7622,89.258,86.15492887,86.2
2/28/2021,Rantau Panjang,Rantau Panjang Old,96.853933,85.3080544,77.31244979,91.7708,88.992,69.85249743,84.9
3/31/2021,Rantau Panjang,Rantau Panjang Old,95.581168,82.6087456,58.33416685,80.52516159,83.938,81.32202946,79.9
4/30/2021,RANTAU PANJANG,Rantau Panjang Old,98.880772,86.3802704,79.17942196,90.3749,85.135,79.91983869,86.3
5/31/2021,RANTAU PANJANG,Rantau Panjang Old,98.494253,80.4754,60.77251842,94.5626,83.273,71.94234394,81.3
6/30/2021,RANTAU PANJANG,Rantau Panjang Old,97.670755,85.0898,61.44529507,96.593,82.874,77.4,83.5
7/31/2021,RANTAU PANJANG,Rantau Panjang Old,98.611357,82.8402,68.77588083,93.0398,90.588,73.22182087,84.2
8/31/2021,RANTAU PANJANG,Rantau Panjang Old,98.930653,86.3802704,62.82254821,92.1515,86.199,77.6300991,83.9
9/30/2021,RANTAU PANJANG,Rantau Panjang Old,98.178148,86.1684,91.06289964,96.5507,90.987,80.85223858,90.3
1/31/2021,Sungai Selangor Fasa 3,Sungai Selangor Fasa 3 Stage 2,96.580228,79.1291342,63.883794,91.8977,87.13,87.9,83.8
1/31/2022,Sungai Selangor Fasa 3,Sungai Selangor Fasa 3 Stage 2,,,,,,,75.4
10/31/2021,SSP 3 BKT BDG,Sungai Selangor Fasa 3 Stage 2,97.31678,71.0196954,79.17942196,95.4509,87.928,72.15,83
10/31/2022,Sungai Selangor Fasa 3,Sungai Selangor Fasa 3 Stage 2,,,,,,,77
11/30/2021,SSP 3 BKT BDG,Sungai Selangor Fasa 3 Stage 2,96.770395,60.4771966,65.70793171,99.554,87.662,83.7,80.9
11/30/2022,Sungai Selangor Fasa 3,Sungai Selangor Fasa 3 Stage 2,,,,,,,84.8
12/31/2021,SSP 3 BKT BDG,Sungai Selangor Fasa 3 Stage 2,98.90942,39.0265822,50.13346927,97.5236,83.007,85.8,73.2
12/31/2022,Sungai Selangor Fasa 3,Sungai Selangor Fasa 3 Stage 2,,,,,,,84.8
2/28/2021,Sungai Selangor Fasa 3,Sungai Selangor Fasa 3 Stage 2,93.048925,37.1235408,63.883794,95.1971,85.534,95.25,75.6
2/28/2022,Sungai Selangor Fasa 3,Sungai Selangor Fasa 3 Stage 2,,,,,,,82.7
3/31/2021,Sungai Selangor Fasa 3,Sungai Selangor Fasa 3 Stage 2,96.294517,56.4855328,81.5929871,97.7351,97.77,86.85,84.3
3/31/2022,Sungai Selangor Fasa 3,Sungai Selangor Fasa 3 Stage 2,,,,,,,65.6
4/30/2021,SSP 3 BKT BDG,Sungai Selangor Fasa 3 Stage 2,97.828693,63.2492624,82.58387809,92.0246,88.992,81.32202946,82.8
4/30/2022,Sungai Selangor Fasa 3,Sungai Selangor Fasa 3 Stage 2,,,,,,,81
5/31/2021,SSP 3 BKT BDG,Sungai Selangor Fasa 3 Stage 2,99.160048,76.7332,84.61040919,98.5388,84.736,83.7,87.2
5/31/2022,Sungai Selangor Fasa 3,Sungai Selangor Fasa 3 Stage 2,,,,,,,85.6
6/30/2021,SSP 3 BKT BDG,Sungai Selangor Fasa 3 Stage 2,99.19022,80.4754,87.22958698,97.2275,85.534,83.7,88.3
6/30/2022,Sungai Selangor Fasa 3,Sungai Selangor Fasa 3 Stage 2,,,,,,,77.2
7/31/2021,SSP 3 BKT BDG,Sungai Selangor Fasa 3 Stage 2,97.972477,37.7074,57.34244207,94.055,85.401,86.85,73.8
7/31/2022,Sungai Selangor Fasa 3,Sungai Selangor Fasa 3 Stage 2,,,,,,,77.2
8/31/2021,SSP 3 BKT BDG,Sungai Selangor Fasa 3 Stage 2,99.160048,72.3810214,37.25347537,92.8283,82.741,88.95,78
8/31/2022,Sungai Selangor Fasa 3,Sungai Selangor Fasa 3 Stage 2,,,,,,,73
9/30/2021,SSP 3 BKT BDG,Sungai Selangor Fasa 3 Stage 2,96.672797,36.977825,73.31113821,77.61390553,84.337,88.95,73
9/30/2022,Sungai Selangor Fasa 3,Sungai Selangor Fasa 3 Stage 2,,,,,,,85.5
4/30/2021,SSP2,Sungai Selangor Fasa 2 Stream C,97.679573,71.5664098,69.5725707,96.8468,87.13,86.85,84
4/30/2021,SSP2,Sungai Selangor Fasa 2 Stream D,97.679573,71.5664098,69.5725707,96.8468,87.13,86.85,84
4/30/2022,Sungai Selangor Fasa 2 Stream C,Sungai Selangor Fasa 2 Stream C,,,,,,,85.9
4/30/2022,Sungai Selangor Fasa 2 Stream C,Sungai Selangor Fasa 2 Stream D,,,,,,,85.9
5/31/2021,SSP2,Sungai Selangor Fasa 2 Stream C,97.200197,54.0996,93.3437585,97.4813,86.066,84.75,83.5
5/31/2021,SSP2,Sungai Selangor Fasa 2 Stream D,97.200197,54.0996,93.3437585,97.4813,86.066,84.75,83.5
5/31/2022,Sungai Selangor Fasa 2 Stream C,Sungai Selangor Fasa 2 Stream C,,,,,,,80.9
5/31/2022,Sungai Selangor Fasa 2 Stream C,Sungai Selangor Fasa 2 Stream D,,,,,,,80.9
6/30/2021,SSP2,Sungai Selangor Fasa 2 Stream C,98.829557,57.08,89.94740053,89.7404,86.332,78.45,81.4
6/30/2021,SSP2,Sungai Selangor Fasa 2 Stream D,98.829557,57.08,89.94740053,89.7404,86.332,78.45,81.4
6/30/2022,Sungai Selangor Fasa 2 Stream C,Sungai Selangor Fasa 2 Stream C,,,,,,,88.7
6/30/2022,Sungai Selangor Fasa 2 Stream C,Sungai Selangor Fasa 2 Stream D,,,,,,,88.7
7/31/2021,SSP2,Sungai Selangor Fasa 2 Stream C,99.116837,64.405,90.5030959,93.0821,90.322,81.6,84.9
7/31/2021,SSP2,Sungai Selangor Fasa 2 Stream D,99.116837,64.405,90.5030959,93.0821,90.322,81.6,84.9
7/31/2022,Sungai Selangor Fasa 2 Stream C,Sungai Selangor Fasa 2 Stream C,,,,,,,77.5
7/31/2022,Sungai Selangor Fasa 2 Stream C,Sungai Selangor Fasa 2 Stream D,,,,,,,77.5
8/31/2021,SSP2,Sungai Selangor Fasa 2 Stream C,98.174195,40.5003962,69.5725707,91.3055,88.061,94.2,77.4
8/31/2021,SSP2,Sungai Selangor Fasa 2 Stream D,98.174195,40.5003962,69.5725707,91.3055,88.061,94.2,77.4
8/31/2022,Sungai Selangor Fasa 2 Stream C,Sungai Selangor Fasa 2 Stream C,,,,,,,82.4
8/31/2022,Sungai Selangor Fasa 2 Stream C,Sungai Selangor Fasa 2 Stream D,,,,,,,82.4
9/30/2021,SSP2,Sungai Selangor Fasa 2 Stream C,91.186532,71.0196954,67.21846436,89.9519,81.81,71.10007401,78.2
9/30/2021,SSP2,Sungai Selangor Fasa 2 Stream D,91.186532,71.0196954,67.21846436,89.9519,81.81,71.10007401,78.2
9/30/2022,Sungai Selangor Fasa 2 Stream C,Sungai Selangor Fasa 2 Stream C,,,,,,,79.7
9/30/2022,Sungai Selangor Fasa 2 Stream C,Sungai Selangor Fasa 2 Stream D,,,,,,,79.7
