,wtp,pH_avg,Date,Turbidity_avg,Color_avg,Iron_avg,Ammonia_avg,Manganese_avg,Kibbled Aluminium Sulphate,Flopam FA 920 PWG,Soda Ash (Pre),Soda Ash (Post),Liquid Chlorine,Sodium Silico Fluoride,Liquid Aluminium Sulphate,Hydrated Lime (Pre),Hydrated Lime (Post),Soda Ash,Hydrated Lime,Liquid Polyaluminium Chloride,Liquid Chlorine (Pre),Liquid Chlorine (Intermediate),Liquid Chlorine (Post),Sodium Aluminosilicate,Sodium Fluoride,Superfloc C 591 PWG,Aluminium Chlorohydrate,Flopam AH 912 PWG,Hydrated Lime (Intermediate),Hydrated Lime (Powder) (Pre),Hydrated Lime (Powder) (Post),Hydrated Lime (Powder),Flopam FO 4190 PWG,Flopam FO 4290 PWG,Polyelectrolyte AN 910 PWG,Microsand,Activated Carbon,Flopam FL 4520 PWG,Modified Liquid Alum,Potassium Permanganate,Polymer Tianfloc C3080,Sodium Hypochlorite,Liquid Polyaluminium Chloride (mg/L),Raw Water Polyelectrolyte 4290 PWG / 4190 PWG / AN910 (mg/L),Hydrated Lime (Post) (mg/L),Liquid Chlorine (Post) (mg/L),Sodium Silico Fluoride (mg/L),Liquid Chlorine (Pre) (mg/L),Hydrated Lime (Pre) (mg/L),Month,Quarter,Water Source,Lembangan,Soda_Ash_T
0,Sungai Tengi,5.8,2021-04-01,14.23,80.79,1.05,0.21,0.07,9.0,0.0,15.0,7.2,3.24,0.0,0.0,,,0.0,0.0,0.0,,,,0.0,0.57,0.0,0.0,0.0,,,,0.0,0.0,0.0,0.0,0.0,0.0,0.0,0.0,0.0,0.0,0.0,0.0,0.0,,,0.0,,,4,2,River,Sg Tengi,22.2
1,Sungai Tengi,5.84,2021-04-02,14.15,97.7,1.15,0.2,0.04,9.0,0.0,15.0,7.2,3.5,0.0,0.0,,,0.0,0.0,0.0,,,,0.0,0.57,0.0,0.0,0.0,,,,0.0,0.0,0.0,0.0,0.0,0.0,0.0,0.0,0.0,0.0,0.0,0.0,0.0,,,0.0,,,4,2,River,Sg Tengi,22.2
2,Sungai Tengi,5.92,2021-04-03,13.28,116.25,1.22,0.2,0.03,7.0,0.0,8.0,7.2,3.5,0.0,0.0,,,0.0,0.0,0.0,,,,0.0,0.51,0.0,0.0,0.0,,,,0.0,0.0,0.0,0.0,0.0,0.0,0.0,0.0,0.0,0.0,0.0,0.0,0.0,,,0.0,,,4,2,River,Sg Tengi,15.2
3,Sungai Tengi,6.02,2021-04-04,12.44,102.08,1.16,0.04,0.05,7.0,0.0,9.0,7.59,3.65,0.0,0.0,,,0.0,0.0,0.0,,,,0.0,0.53,0.0,0.0,0.0,,,,0.0,0.0,0.0,0.0,0.0,0.0,0.0,0.0,0.0,0.0,0.0,0.0,0.0,,,0.0,,,4,2,River,Sg Tengi,16.59
4,Sungai Tengi,6.11,2021-04-05,11.93,86.83,1.28,0.16,0.04,7.0,0.0,9.0,8.1,3.56,0.0,0.0,,,0.0,0.0,0.0,,,,0.0,0.55,0.0,0.0,0.0,,,,0.0,0.0,0.0,0.0,0.0,0.0,0.0,0.0,0.0,0.0,0.0,0.0,0.0,,,0.0,,,4,2,River,Sg Tengi,17.1
5,Sungai Tengi,5.9,2021-04-06,84.12,386.5,1.74,0.54,0.14,15.75,0.0,15.25,9.63,3.7,0.0,0.0,,,0.0,0.0,0.0,,,,0.0,0.54,0.0,0.0,0.0,,,,0.0,0.0,0.0,0.0,0.0,0.0,0.0,0.0,0.0,0.0,0.0,0.0,0.0,,,0.0,,,4,2,River,Sg Tengi,24.880000000000003
6,Sungai Tengi,5.69,2021-04-07,25.8,125.0,1.14,0.24,0.06,11.92,0.0,13.0,9.11,3.6,0.0,0.0,,,0.0,0.0,0.0,,,,0.0,0.52,0.0,0.0,0.0,,,,0.0,0.0,0.0,0.0,0.0,0.0,0.0,0.0,0.0,0.0,0.0,0.0,0.0,,,0.0,,,4,2,River,Sg Tengi,22.11
7,Sungai Tengi,5.75,2021-04-08,86.65,303.35,1.81,0.45,0.2,15.0,0.0,13.7,7.86,3.64,0.0,0.0,,,0.0,0.0,0.0,,,,0.0,0.51,0.0,0.0,0.0,,,,0.0,0.0,0.0,0.0,0.0,0.0,0.0,0.0,0.0,0.0,0.0,0.0,0.0,,,0.0,,,4,2,River,Sg Tengi,21.56
8,Sungai Tengi,5.66,2021-04-09,110.2,469.17,1.5,0.45,0.16,19.25,0.0,16.33,7.09,3.52,0.0,0.0,,,0.0,0.0,0.0,,,,0.0,0.52,0.0,0.0,0.0,,,,0.0,0.0,0.0,0.0,0.0,0.0,0.0,0.0,0.0,0.0,0.0,0.0,0.0,,,0.0,,,4,2,River,Sg Tengi,23.419999999999998
9,Sungai Tengi,5.52,2021-04-10,26.64,180.85,0.94,0.25,0.07,12.0,0.0,12.4,7.27,3.44,0.0,0.0,,,0.0,0.0,0.0,,,,0.0,0.57,0.0,0.0,0.0,,,,0.0,0.0,0.0,0.0,0.0,0.0,0.0,0.0,0.0,0.0,0.0,0.0,0.0,,,0.0,,,4,2,River,Sg Tengi,19.67
10,Sungai Tengi,5.66,2021-04-11,22.14,136.92,1.06,0.21,0.05,11.83,0.0,12.92,5.61,3.45,0.0,0.0,,,0.0,0.0,0.0,,,,0.0,0.62,0.0,0.0,0.0,,,,0.0,0.0,0.0,0.0,0.0,0.0,0.0,0.0,0.0,0.0,0.0,0.0,0.0,,,0.0,,,4,2,River,Sg Tengi,18.53
11,Sungai Tengi,5.75,2021-04-12,19.67,137.66,1.09,0.13,0.05,10.0,0.0,12.0,5.61,3.5,0.0,0.0,,,0.0,0.0,0.0,,,,0.0,0.51,0.0,0.0,0.0,,,,0.0,0.0,0.0,0.0,0.0,0.0,0.0,0.0,0.0,0.0,0.0,0.0,0.0,,,0.0,,,4,2,River,Sg Tengi,17.61
12,Sungai Tengi,5.49,2021-04-13,247.03,778.17,1.56,0.43,0.21,27.33,0.0,18.22,6.93,3.46,0.0,0.0,,,0.0,0.0,0.0,,,,0.0,0.49,0.0,0.0,0.0,,,,0.0,0.0,0.0,0.0,0.0,0.0,0.0,0.0,0.0,0.0,0.0,0.0,0.0,,,0.0,,,4,2,River,Sg Tengi,25.15
13,Sungai Tengi,5.46,2021-04-14,27.86,125.1,1.1,0.18,0.08,11.8,0.0,14.6,6.5,3.47,0.0,0.0,,,0.0,0.0,0.0,,,,0.0,0.5,0.0,0.0,0.0,,,,0.0,0.0,0.0,0.0,0.0,0.0,0.0,0.0,0.0,0.0,0.0,0.0,0.0,,,0.0,,,4,2,River,Sg Tengi,21.1
14,Sungai Tengi,5.41,2021-04-15,126.25,135.21,1.17,0.54,0.16,18.83,0.0,16.67,6.51,3.27,0.0,0.0,,,0.0,0.0,0.0,,,,0.0,0.55,0.0,0.0,0.0,,,,0.0,0.0,0.0,0.0,0.0,0.0,0.0,0.0,0.0,0.0,0.0,0.0,0.0,,,0.0,,,4,2,River,Sg Tengi,23.18
15,Sungai Tengi,5.35,2021-04-16,30.01,157.5,1.02,0.16,0.08,12.42,0.0,15.0,7.48,3.19,0.0,0.0,,,0.0,0.0,0.0,,,,0.0,0.53,0.0,0.0,0.0,,,,0.0,0.0,0.0,0.0,0.0,0.0,0.0,0.0,0.0,0.0,0.0,0.0,0.0,,,0.0,,,4,2,River,Sg Tengi,22.48
16,Sungai Tengi,5.4,2021-04-17,141.27,332.13,1.45,0.62,0.21,19.42,0.0,17.67,6.9,3.18,0.0,0.0,,,0.0,0.0,0.0,,,,0.0,0.54,0.0,0.0,0.0,,,,0.0,0.0,0.0,0.0,0.0,0.0,0.0,0.0,0.0,0.0,0.0,0.0,0.0,,,0.0,,,4,2,River,Sg Tengi,24.57
17,Sungai Tengi,5.32,2021-04-18,109.8,586.37,1.16,0.64,0.29,16.6,0.0,18.8,7.63,3.14,0.0,0.0,,,0.0,0.0,0.0,,,,0.0,0.5,0.0,0.0,0.0,,,,0.0,0.0,0.0,0.0,0.0,0.0,0.0,0.0,0.0,0.0,0.0,0.0,0.0,,,0.0,,,4,2,River,Sg Tengi,26.43
18,Sungai Tengi,5.26,2021-04-19,51.44,250.16,0.65,0.27,0.1,16.2,0.0,20.6,9.5,3.11,0.0,0.0,,,0.0,0.0,0.0,,,,0.0,0.58,0.0,0.0,0.0,,,,0.0,0.0,0.0,0.0,0.0,0.0,0.0,0.0,0.0,0.0,0.0,0.0,0.0,,,0.0,,,4,2,River,Sg Tengi,30.1
19,Sungai Tengi,5.28,2021-04-20,19.72,82.05,0.58,0.0,0.05,11.0,0.0,16.9,9.46,3.13,0.0,0.0,,,0.0,0.0,0.0,,,,0.0,1.1,0.0,0.0,0.0,,,,0.0,0.0,0.0,0.0,0.0,0.0,0.0,0.0,0.0,0.0,0.0,0.0,0.0,,,0.0,,,4,2,River,Sg Tengi,26.36
20,Sungai Tengi,5.42,2021-04-21,123.05,667.79,1.06,0.77,0.21,18.2,0.0,15.8,7.82,3.8,0.0,0.0,,,0.0,0.0,0.0,,,,0.0,0.61,0.0,0.0,0.0,,,,0.0,0.0,0.0,0.0,0.0,0.0,0.0,0.0,0.0,0.0,0.0,0.0,0.0,,,0.0,,,4,2,River,Sg Tengi,23.62
21,Sungai Tengi,5.23,2021-04-22,55.37,293.74,0.58,0.2,0.06,16.8,0.0,19.6,7.55,3.93,0.0,0.0,,,0.0,0.0,0.0,,,,0.0,0.61,0.0,0.0,0.0,,,,0.0,0.0,0.0,0.0,0.0,0.0,0.0,0.0,0.0,0.0,0.0,0.0,0.0,,,0.0,,,4,2,River,Sg Tengi,27.150000000000002
22,Sungai Tengi,5.39,2021-04-23,17.84,100.52,0.44,0.13,0.25,11.1,0.0,16.2,7.82,3.26,0.0,0.0,,,0.0,0.0,0.0,,,,0.0,0.61,0.0,0.0,0.0,,,,0.0,0.0,0.0,0.0,0.0,0.0,0.0,0.0,0.0,0.0,0.0,0.0,0.0,,,0.0,,,4,2,River,Sg Tengi,24.02
23,Sungai Tengi,5.25,2021-04-24,15.51,68.68,0.74,0.12,0.05,10.0,0.0,16.0,5.47,3.26,0.0,0.0,,,0.0,0.0,0.0,,,,0.0,0.55,0.0,0.0,0.0,,,,0.0,0.0,0.0,0.0,0.0,0.0,0.0,0.0,0.0,0.0,0.0,0.0,0.0,,,0.0,,,4,2,River,Sg Tengi,21.47
24,Sungai Tengi,5.47,2021-04-25,14.1,59.5,0.85,0.13,0.05,10.0,0.0,16.0,6.19,3.22,0.0,0.0,,,0.0,0.0,0.0,,,,0.0,0.55,0.0,0.0,0.0,,,,0.0,0.0,0.0,0.0,0.0,0.0,0.0,0.0,0.0,0.0,0.0,0.0,0.0,,,0.0,,,4,2,River,Sg Tengi,22.19
25,Sungai Tengi,5.35,2021-04-26,103.21,398.47,1.0,0.46,0.05,14.89,0.0,16.0,6.91,3.26,0.0,0.0,,,0.0,0.0,0.0,,,,0.0,0.51,0.0,0.0,0.0,,,,0.0,0.0,0.0,0.0,0.0,0.0,0.0,0.0,0.0,0.0,0.0,0.0,0.0,,,0.0,,,4,2,River,Sg Tengi,22.91
26,Sungai Tengi,5.18,2021-04-27,41.45,145.68,1.57,0.18,0.15,15.56,0.0,19.56,5.42,3.27,0.0,0.0,,,0.0,0.0,0.0,,,,0.0,0.49,0.0,0.0,0.0,,,,0.0,0.0,0.0,0.0,0.0,0.0,0.0,0.0,0.0,0.0,0.0,0.0,0.0,,,0.0,,,4,2,River,Sg Tengi,24.979999999999997
27,Sungai Tengi,5.23,2021-04-28,17.72,82.32,0.73,0.15,0.07,8.22,0.0,17.89,5.64,3.32,0.0,0.0,,,0.0,0.0,0.0,,,,0.0,0.52,0.0,0.0,0.0,,,,0.0,0.0,0.0,0.0,0.0,0.0,0.0,0.0,0.0,0.0,0.0,0.0,0.0,,,0.0,,,4,2,River,Sg Tengi,23.53
28,Sungai Tengi,5.34,2021-04-29,14.52,66.37,0.88,0.13,0.06,10.0,0.0,16.33,6.52,3.26,0.0,0.0,,,0.0,0.0,0.0,,,,0.0,0.55,0.0,0.0,0.0,,,,0.0,0.0,0.0,0.0,0.0,0.0,0.0,0.0,0.0,0.0,0.0,0.0,0.0,,,0.0,,,4,2,River,Sg Tengi,22.849999999999998
29,Sungai Tengi,5.4,2021-04-30,13.75,73.63,0.89,0.15,0.06,8.89,0.0,16.33,6.19,3.26,0.0,0.0,,,0.0,0.0,0.0,,,,0.0,0.55,0.0,0.0,0.0,,,,0.0,0.0,0.0,0.0,0.0,0.0,0.0,0.0,0.0,0.0,0.0,0.0,0.0,,,0.0,,,4,2,River,Sg Tengi,22.52
30,Sungai Tengi,5.76,2021-08-01,30.01,222.88,1.4,0.2,0.09,12.5,0.0,15.0,7.62,4.11,0.0,0.0,,,0.0,0.0,0.0,,,,0.0,0.56,0.0,0.0,0.0,,,,0.0,0.0,0.0,0.0,0.0,0.0,0.0,0.0,0.0,0.0,0.0,0.0,0.0,,,0.0,,,8,3,River,Sg Tengi,22.62
31,Sungai Tengi,6.0,2021-08-02,17.43,131.58,1.09,0.25,0.05,10.25,0.0,12.75,7.62,4.11,0.0,0.0,,,0.0,0.0,0.0,,,,0.0,0.56,0.0,0.0,0.0,,,,0.0,0.0,0.0,0.0,0.0,0.0,0.0,0.0,0.0,0.0,0.0,0.0,0.0,,,0.0,,,8,3,River,Sg Tengi,20.37
32,Sungai Tengi,6.03,2021-08-03,13.15,96.88,0.93,0.11,0.03,9.83,0.0,11.17,7.62,4.11,0.0,0.0,,,0.0,0.0,0.0,,,,0.0,0.56,0.0,0.0,0.0,,,,0.0,0.0,0.0,0.0,0.0,0.0,0.0,0.0,0.0,0.0,0.0,0.0,0.0,,,0.0,,,8,3,River,Sg Tengi,18.79
33,Sungai Tengi,5.66,2021-08-04,66.58,296.67,1.79,0.13,0.24,18.58,0.0,17.42,7.62,4.11,0.0,0.0,,,0.0,0.0,0.0,,,,0.0,0.56,0.0,0.0,0.0,,,,0.0,0.0,0.0,0.0,0.0,0.0,0.0,0.0,0.0,0.0,0.0,0.0,0.0,,,0.0,,,8,3,River,Sg Tengi,25.040000000000003
34,Sungai Tengi,5.85,2021-08-05,28.9,174.83,1.05,0.19,0.06,12.75,0.0,12.58,7.62,4.11,0.0,0.0,,,0.0,0.0,0.0,,,,0.0,0.56,0.0,0.0,0.0,,,,0.0,0.0,0.0,0.0,0.0,0.0,0.0,0.0,0.0,0.0,0.0,0.0,0.0,,,0.0,,,8,3,River,Sg Tengi,20.2
35,Sungai Tengi,5.94,2021-08-06,11.12,80.58,1.06,0.1,0.04,11.0,0.0,11.5,7.2,3.82,0.0,0.0,,,0.0,0.0,0.0,,,,0.0,0.56,0.0,0.0,0.0,,,,0.0,0.0,0.0,0.0,0.0,0.0,0.0,0.0,0.0,0.0,0.0,0.0,0.0,,,0.0,,,8,3,River,Sg Tengi,18.7
36,Sungai Tengi,5.84,2021-08-07,14.98,124.63,0.89,0.19,0.03,10.0,0.0,11.0,6.77,3.52,0.0,0.0,,,0.0,0.0,0.0,,,,0.0,0.56,0.0,0.0,0.0,,,,0.0,0.0,0.0,0.0,0.0,0.0,0.0,0.0,0.0,0.0,0.0,0.0,0.0,,,0.0,,,8,3,River,Sg Tengi,17.77
37,Sungai Tengi,6.18,2021-08-08,20.67,163.1,0.92,0.2,0.04,10.4,0.0,12.4,6.77,3.52,0.0,0.0,,,0.0,0.0,0.0,,,,0.0,0.56,0.0,0.0,0.0,,,,0.0,0.0,0.0,0.0,0.0,0.0,0.0,0.0,0.0,0.0,0.0,0.0,0.0,,,0.0,,,8,3,River,Sg Tengi,19.17
38,Sungai Tengi,5.97,2021-08-09,88.85,544.2,1.38,0.63,0.18,16.0,0.0,15.9,6.77,3.52,0.0,0.0,,,0.0,0.0,0.0,,,,0.0,0.56,0.0,0.0,0.0,,,,0.0,0.0,0.0,0.0,0.0,0.0,0.0,0.0,0.0,0.0,0.0,0.0,0.0,,,0.0,,,8,3,River,Sg Tengi,22.67
39,Sungai Tengi,5.89,2021-08-10,30.9,224.3,1.02,0.0,0.08,12.6,0.0,15.6,6.77,3.52,0.0,0.0,,,0.0,0.0,0.0,,,,0.0,0.56,0.0,0.0,0.0,,,,0.0,0.0,0.0,0.0,0.0,0.0,0.0,0.0,0.0,0.0,0.0,0.0,0.0,,,0.0,,,8,3,River,Sg Tengi,22.369999999999997
40,Sungai Tengi,5.85,2021-08-11,43.24,307.95,0.99,0.16,0.6,13.2,0.0,15.2,6.67,3.52,0.0,0.0,,,0.0,0.0,0.0,,,,0.0,0.56,0.0,0.0,0.0,,,,0.0,0.0,0.0,0.0,0.0,0.0,0.0,0.0,0.0,0.0,0.0,0.0,0.0,,,0.0,,,8,3,River,Sg Tengi,21.869999999999997
41,Sungai Tengi,6.02,2021-08-12,12.62,118.75,0.99,0.15,0.06,11.4,0.0,13.0,6.77,3.52,0.0,0.0,,,0.0,0.0,0.0,,,,0.0,0.56,0.0,0.0,0.0,,,,0.0,0.0,0.0,0.0,0.0,0.0,0.0,0.0,0.0,0.0,0.0,0.0,0.0,,,0.0,,,8,3,River,Sg Tengi,19.77
42,Sungai Tengi,6.05,2021-08-13,17.96,141.0,0.94,0.34,0.07,10.5,0.0,11.8,6.77,3.52,0.0,0.0,,,0.0,0.0,0.0,,,,0.0,0.56,0.0,0.0,0.0,,,,0.0,0.0,0.0,0.0,0.0,0.0,0.0,0.0,0.0,0.0,0.0,0.0,0.0,,,0.0,,,8,3,River,Sg Tengi,18.57
43,Sungai Tengi,6.05,2021-08-14,11.88,106.25,0.95,0.07,0.03,9.5,0.0,10.5,6.77,3.52,0.0,0.0,,,0.0,0.0,0.0,,,,0.0,0.56,0.0,0.0,0.0,,,,0.0,0.0,0.0,0.0,0.0,0.0,0.0,0.0,0.0,0.0,0.0,0.0,0.0,,,0.0,,,8,3,River,Sg Tengi,17.27
44,Sungai Tengi,5.71,2021-08-15,99.65,297.79,1.07,0.62,0.14,17.58,0.0,15.92,6.77,3.12,0.0,0.0,,,0.0,0.0,0.0,,,,0.0,0.56,0.0,0.0,0.0,,,,0.0,0.0,0.0,0.0,0.0,0.0,0.0,0.0,0.0,0.0,0.0,0.0,0.0,,,0.0,,,8,3,River,Sg Tengi,22.689999999999998
45,Sungai Tengi,5.45,2021-08-16,92.25,358.29,0.92,0.7,0.17,17.83,0.0,18.25,6.77,3.12,0.0,0.0,,,0.0,0.0,0.0,,,,0.0,0.56,0.0,0.0,0.0,,,,0.0,0.0,0.0,0.0,0.0,0.0,0.0,0.0,0.0,0.0,0.0,0.0,0.0,,,0.0,,,8,3,River,Sg Tengi,25.02
46,Sungai Tengi,5.25,2021-08-17,89.28,412.16,0.55,0.39,0.1,19.3,0.0,18.8,8.47,3.12,0.0,0.0,,,0.0,0.0,0.0,,,,0.0,0.56,0.0,0.0,0.0,,,,0.0,0.0,0.0,0.0,0.0,0.0,0.0,0.0,0.0,0.0,0.0,0.0,0.0,,,0.0,,,8,3,River,Sg Tengi,27.270000000000003
47,Sungai Tengi,5.31,2021-08-18,184.81,595.59,1.3,1.25,0.29,21.5,0.0,19.75,8.0,3.33,0.0,0.0,,,0.0,0.0,0.0,,,,0.0,0.56,0.0,0.0,0.0,,,,0.0,0.0,0.0,0.0,0.0,0.0,0.0,0.0,0.0,0.0,0.0,0.0,0.0,,,0.0,,,8,3,River,Sg Tengi,27.75
48,Sungai Tengi,5.01,2021-08-19,51.52,331.1,0.5,0.29,0.12,16.4,0.0,19.2,8.0,3.33,0.0,0.0,,,0.0,0.0,0.0,,,,0.0,0.52,0.0,0.0,0.0,,,,0.0,0.0,0.0,0.0,0.0,0.0,0.0,0.0,0.0,0.0,0.0,0.0,0.0,,,0.0,,,8,3,River,Sg Tengi,27.2
49,Sungai Tengi,5.2,2021-08-20,102.82,543.88,0.71,0.39,0.12,18.0,0.0,18.44,7.2,3.33,0.0,0.0,,,0.0,0.0,0.0,,,,0.0,0.56,0.0,0.0,0.0,,,,0.0,0.0,0.0,0.0,0.0,0.0,0.0,0.0,0.0,0.0,0.0,0.0,0.0,,,0.0,,,8,3,River,Sg Tengi,25.64
50,Sungai Tengi,5.22,2021-08-21,25.84,167.58,0.44,0.21,0.12,12.4,0.0,16.4,7.2,3.33,0.0,0.0,,,0.0,0.0,0.0,,,,0.0,0.56,0.0,0.0,0.0,,,,0.0,0.0,0.0,0.0,0.0,0.0,0.0,0.0,0.0,0.0,0.0,0.0,0.0,,,0.0,,,8,3,River,Sg Tengi,23.599999999999998
51,Sungai Tengi,5.08,2021-08-22,37.61,253.37,0.65,1.27,0.08,9.4,0.0,14.2,7.2,3.33,0.0,0.0,,,0.0,0.0,0.0,,,,0.0,0.56,0.0,0.0,0.0,,,,0.0,0.0,0.0,0.0,0.0,0.0,0.0,0.0,0.0,0.0,0.0,0.0,0.0,,,0.0,,,8,3,River,Sg Tengi,21.4
52,Sungai Tengi,5.11,2021-08-23,106.99,629.84,1.43,0.3,0.31,19.8,0.0,21.2,7.2,3.33,0.0,0.0,,,0.0,0.0,0.0,,,,0.0,0.56,0.0,0.0,0.0,,,,0.0,0.0,0.0,0.0,0.0,0.0,0.0,0.0,0.0,0.0,0.0,0.0,0.0,,,0.0,,,8,3,River,Sg Tengi,28.4
53,Sungai Tengi,5.14,2021-08-24,33.88,220.94,0.48,0.09,0.12,11.25,0.0,18.0,8.8,3.33,0.0,0.0,,,0.0,0.0,0.0,,,,0.0,0.56,0.0,0.0,0.0,,,,0.0,0.0,0.0,0.0,0.0,0.0,0.0,0.0,0.0,0.0,0.0,0.0,0.0,,,0.0,,,8,3,River,Sg Tengi,26.8
54,Sungai Tengi,4.76,2021-08-25,31.32,116.65,0.34,0.13,0.05,12.75,0.0,18.5,6.57,3.33,0.0,0.0,,,0.0,0.0,0.0,,,,0.0,0.63,0.0,0.0,0.0,,,,0.0,0.0,0.0,0.0,0.0,0.0,0.0,0.0,0.0,0.0,0.0,0.0,0.0,,,0.0,,,8,3,River,Sg Tengi,25.07
55,Sungai Tengi,4.68,2021-08-26,10.2,68.24,0.38,0.08,0.05,9.0,0.0,16.0,8.8,3.33,0.0,0.0,,,0.0,0.0,0.0,,,,0.0,0.56,0.0,0.0,0.0,,,,0.0,0.0,0.0,0.0,0.0,0.0,0.0,0.0,0.0,0.0,0.0,0.0,0.0,,,0.0,,,8,3,River,Sg Tengi,24.8
56,Sungai Tengi,5.23,2021-08-27,10.44,64.38,0.53,0.19,0.04,8.09,0.0,11.45,9.01,3.28,0.0,0.0,,,0.0,0.0,0.0,,,,0.0,0.56,0.0,0.0,0.0,,,,0.0,0.0,0.0,0.0,0.0,0.0,0.0,0.0,0.0,0.0,0.0,0.0,0.0,,,0.0,,,8,3,River,Sg Tengi,20.46
57,Sungai Tengi,5.41,2021-08-28,10.24,75.67,0.67,0.14,0.04,10.0,0.0,14.0,8.93,3.33,0.0,0.0,,,0.0,0.0,0.0,,,,0.0,0.58,0.0,0.0,0.0,,,,0.0,0.0,0.0,0.0,0.0,0.0,0.0,0.0,0.0,0.0,0.0,0.0,0.0,,,0.0,,,8,3,River,Sg Tengi,22.93
58,Sungai Tengi,5.48,2021-08-29,84.18,458.79,0.93,0.36,0.11,20.0,0.0,18.0,8.0,3.33,0.0,0.0,,,0.0,0.0,0.0,,,,0.0,0.56,0.0,0.0,0.0,,,,0.0,0.0,0.0,0.0,0.0,0.0,0.0,0.0,0.0,0.0,0.0,0.0,0.0,,,0.0,,,8,3,River,Sg Tengi,26.0
59,Sungai Tengi,5.11,2021-08-30,12.92,99.63,0.64,0.09,0.07,8.9,0.0,13.7,8.0,3.33,0.0,0.0,,,0.0,0.0,0.0,,,,0.0,0.56,0.0,0.0,0.0,,,,0.0,0.0,0.0,0.0,0.0,0.0,0.0,0.0,0.0,0.0,0.0,0.0,0.0,,,0.0,,,8,3,River,Sg Tengi,21.7
60,Sungai Tengi,5.12,2021-08-31,11.82,85.11,0.64,0.05,0.06,7.89,0.0,11.0,8.0,3.33,0.0,0.0,,,0.0,0.0,0.0,,,,0.0,0.56,0.0,0.0,0.0,,,,0.0,0.0,0.0,0.0,0.0,0.0,0.0,0.0,0.0,0.0,0.0,0.0,0.0,,,0.0,,,8,3,River,Sg Tengi,19.0
61,Sungai Tengi,5.78,2021-02-01,12.86,5.21,0.89,0.1,0.04,5.25,0.0,9.5,5.62,3.59,0.0,0.0,,,0.0,0.0,0.0,,,,0.0,0.51,0.0,0.0,0.0,,,,0.0,0.0,0.0,0.0,0.0,0.0,0.0,0.0,0.0,0.0,0.0,0.0,0.0,,,0.0,,,2,1,River,Sg Tengi,15.120000000000001
62,Sungai Tengi,5.82,2021-02-02,12.28,5.71,0.88,0.13,0.03,5.0,0.0,8.0,5.19,3.73,0.0,0.0,,,0.0,0.0,0.0,,,,0.0,0.49,0.0,0.0,0.0,,,,0.0,0.0,0.0,0.0,0.0,0.0,0.0,0.0,0.0,0.0,0.0,0.0,0.0,,,0.0,,,2,1,River,Sg Tengi,13.190000000000001
63,Sungai Tengi,5.8,2021-02-03,39.27,8.25,1.68,0.5,0.11,9.75,0.0,11.33,5.05,3.67,0.0,0.0,,,0.0,0.0,0.0,,,,0.0,0.51,0.0,0.0,0.0,,,,0.0,0.0,0.0,0.0,0.0,0.0,0.0,0.0,0.0,0.0,0.0,0.0,0.0,,,0.0,,,2,1,River,Sg Tengi,16.38
64,Sungai Tengi,5.77,2021-02-04,21.94,5.29,0.97,0.12,0.08,9.67,0.0,12.0,5.01,3.72,0.0,0.0,,,0.0,0.0,0.0,,,,0.0,0.52,0.0,0.0,0.0,,,,0.0,0.0,0.0,0.0,0.0,0.0,0.0,0.0,0.0,0.0,0.0,0.0,0.0,,,0.0,,,2,1,River,Sg Tengi,17.009999999999998
65,Sungai Tengi,5.82,2021-02-05,9.04,2.0,0.65,0.21,0.02,5.0,0.0,8.0,5.37,3.73,0.0,0.0,,,0.0,0.0,0.0,,,,0.0,0.56,0.0,0.0,0.0,,,,0.0,0.0,0.0,0.0,0.0,0.0,0.0,0.0,0.0,0.0,0.0,0.0,0.0,,,0.0,,,2,1,River,Sg Tengi,13.370000000000001
66,Sungai Tengi,5.84,2021-02-06,33.13,6.04,0.89,0.36,0.05,10.0,0.0,13.5,5.37,3.73,0.0,0.0,,,0.0,0.0,0.0,,,,0.0,0.56,0.0,0.0,0.0,,,,0.0,0.0,0.0,0.0,0.0,0.0,0.0,0.0,0.0,0.0,0.0,0.0,0.0,,,0.0,,,2,1,River,Sg Tengi,18.87
67,Sungai Tengi,5.8,2021-02-07,23.26,4.58,0.92,0.31,0.05,13.0,0.0,14.5,5.24,3.05,0.0,0.0,,,0.0,0.0,0.0,,,,0.0,0.53,0.0,0.0,0.0,,,,0.0,0.0,0.0,0.0,0.0,0.0,0.0,0.0,0.0,0.0,0.0,0.0,0.0,,,0.0,,,2,1,River,Sg Tengi,19.740000000000002
68,Sungai Tengi,5.57,2021-02-08,93.95,328.67,1.09,0.21,0.06,18.5,0.0,19.33,5.19,3.08,0.0,0.0,,,0.0,0.0,0.0,,,,0.0,0.51,0.0,0.0,0.0,,,,0.0,0.0,0.0,0.0,0.0,0.0,0.0,0.0,0.0,0.0,0.0,0.0,0.0,,,0.0,,,2,1,River,Sg Tengi,24.52
69,Sungai Tengi,5.45,2021-02-09,24.68,202.71,0.74,0.17,0.07,14.0,0.0,16.0,4.91,3.05,0.0,0.0,,,0.0,0.0,0.0,,,,0.0,0.49,0.0,0.0,0.0,,,,0.0,0.0,0.0,0.0,0.0,0.0,0.0,0.0,0.0,0.0,0.0,0.0,0.0,,,0.0,,,2,1,River,Sg Tengi,20.91
70,Sungai Tengi,5.63,2021-02-10,14.63,65.88,0.67,0.13,0.04,9.0,0.0,11.67,5.84,3.29,0.0,0.0,,,0.0,0.0,0.0,,,,0.0,0.54,0.0,0.0,0.0,,,,0.0,0.0,0.0,0.0,0.0,0.0,0.0,0.0,0.0,0.0,0.0,0.0,0.0,,,0.0,,,2,1,River,Sg Tengi,17.509999999999998
71,Sungai Tengi,5.71,2021-02-11,13.17,59.17,0.83,0.15,0.02,6.67,0.0,6.67,6.51,3.59,0.0,0.0,,,0.0,0.0,0.0,,,,0.0,0.56,0.0,0.0,0.0,,,,0.0,0.0,0.0,0.0,0.0,0.0,0.0,0.0,0.0,0.0,0.0,0.0,0.0,,,0.0,,,2,1,River,Sg Tengi,13.18
72,Sungai Tengi,5.79,2021-02-12,15.18,65.83,0.81,0.27,0.03,6.33,0.0,6.33,6.0,3.22,0.0,0.0,,,0.0,0.0,0.0,,,,0.0,0.52,0.0,0.0,0.0,,,,0.0,0.0,0.0,0.0,0.0,0.0,0.0,0.0,0.0,0.0,0.0,0.0,0.0,,,0.0,,,2,1,River,Sg Tengi,12.33
73,Sungai Tengi,5.79,2021-02-13,14.39,70.55,0.99,0.21,0.05,8.8,0.0,9.2,6.34,3.31,0.0,0.0,,,0.0,0.0,0.0,,,,0.0,0.54,0.0,0.0,0.0,,,,0.0,0.0,0.0,0.0,0.0,0.0,0.0,0.0,0.0,0.0,0.0,0.0,0.0,,,0.0,,,2,1,River,Sg Tengi,15.54
74,Sungai Tengi,5.84,2021-02-14,11.51,53.25,1.04,0.1,0.05,6.75,0.0,8.17,5.87,3.06,0.0,0.0,,,0.0,0.0,0.0,,,,0.0,0.51,0.0,0.0,0.0,,,,0.0,0.0,0.0,0.0,0.0,0.0,0.0,0.0,0.0,0.0,0.0,0.0,0.0,,,0.0,,,2,1,River,Sg Tengi,14.04
75,Sungai Tengi,5.86,2021-02-15,11.6,53.46,1.01,0.13,0.05,8.0,0.0,9.0,5.87,3.06,0.0,0.0,,,0.0,0.0,0.0,,,,0.0,0.51,0.0,0.0,0.0,,,,0.0,0.0,0.0,0.0,0.0,0.0,0.0,0.0,0.0,0.0,0.0,0.0,0.0,,,0.0,,,2,1,River,Sg Tengi,14.870000000000001
76,Sungai Tengi,5.9,2021-02-16,12.64,61.96,1.08,0.14,0.04,8.0,0.0,9.0,5.87,3.06,0.0,0.0,,,0.0,0.0,0.0,,,,0.0,0.51,0.0,0.0,0.0,,,,0.0,0.0,0.0,0.0,0.0,0.0,0.0,0.0,0.0,0.0,0.0,0.0,0.0,,,0.0,,,2,1,River,Sg Tengi,14.870000000000001
77,Sungai Tengi,5.92,2021-02-17,16.5,56.96,0.96,0.12,0.05,8.0,0.0,9.0,5.87,3.06,0.0,0.0,,,0.0,0.0,0.0,,,,0.0,0.52,0.0,0.0,0.0,,,,0.0,0.0,0.0,0.0,0.0,0.0,0.0,0.0,0.0,0.0,0.0,0.0,0.0,,,0.0,,,2,1,River,Sg Tengi,14.870000000000001
78,Sungai Tengi,5.95,2021-02-18,13.19,72.42,0.98,0.17,0.04,8.0,0.0,9.0,5.98,3.12,0.0,0.0,,,0.0,0.0,0.0,,,,0.0,0.58,0.0,0.0,0.0,,,,0.0,0.0,0.0,0.0,0.0,0.0,0.0,0.0,0.0,0.0,0.0,0.0,0.0,,,0.0,,,2,1,River,Sg Tengi,14.98
79,Sungai Tengi,6.01,2021-02-19,11.65,69.88,1.02,0.13,0.05,8.0,0.0,9.0,5.98,3.12,0.0,0.0,,,0.0,0.0,0.0,,,,0.0,0.58,0.0,0.0,0.0,,,,0.0,0.0,0.0,0.0,0.0,0.0,0.0,0.0,0.0,0.0,0.0,0.0,0.0,,,0.0,,,2,1,River,Sg Tengi,14.98
80,Sungai Tengi,6.08,2021-02-20,11.63,62.83,1.02,0.14,0.03,6.67,0.0,7.0,5.79,3.34,0.0,0.0,,,0.0,0.0,0.0,,,,0.0,0.53,0.0,0.0,0.0,,,,0.0,0.0,0.0,0.0,0.0,0.0,0.0,0.0,0.0,0.0,0.0,0.0,0.0,,,0.0,,,2,1,River,Sg Tengi,12.79
81,Sungai Tengi,6.11,2021-02-21,11.15,42.92,0.84,0.13,0.1,6.0,0.0,6.0,6.21,3.23,0.0,0.0,,,0.0,0.0,0.0,,,,0.0,0.54,0.0,0.0,0.0,,,,0.0,0.0,0.0,0.0,0.0,0.0,0.0,0.0,0.0,0.0,0.0,0.0,0.0,,,0.0,,,2,1,River,Sg Tengi,12.21
82,Sungai Tengi,6.11,2021-02-22,12.8,51.25,0.95,0.13,0.05,6.0,0.0,6.0,5.87,3.06,0.0,0.0,,,0.0,0.0,0.0,,,,0.0,0.5,0.0,0.0,0.0,,,,0.0,0.0,0.0,0.0,0.0,0.0,0.0,0.0,0.0,0.0,0.0,0.0,0.0,,,0.0,,,2,1,River,Sg Tengi,11.870000000000001
83,Sungai Tengi,6.11,2021-02-23,14.95,64.29,1.0,0.03,0.06,6.0,0.0,6.27,6.3,3.16,0.0,0.0,,,0.0,0.0,0.0,,,,0.0,0.52,0.0,0.0,0.0,,,,0.0,0.0,0.0,0.0,0.0,0.0,0.0,0.0,0.0,0.0,0.0,0.0,0.0,,,0.0,,,2,1,River,Sg Tengi,12.57
84,Sungai Tengi,6.13,2021-02-24,11.53,42.08,0.87,0.05,0.03,5.83,0.0,6.58,6.26,3.16,0.0,0.0,,,0.0,0.0,0.0,,,,0.0,0.52,0.0,0.0,0.0,,,,0.0,0.0,0.0,0.0,0.0,0.0,0.0,0.0,0.0,0.0,0.0,0.0,0.0,,,0.0,,,2,1,River,Sg Tengi,12.84
85,Sungai Tengi,6.12,2021-02-25,13.8,42.5,0.88,0.16,0.04,6.0,0.0,5.0,6.39,3.19,0.0,0.0,,,0.0,0.0,0.0,,,,0.0,0.52,0.0,0.0,0.0,,,,0.0,0.0,0.0,0.0,0.0,0.0,0.0,0.0,0.0,0.0,0.0,0.0,0.0,,,0.0,,,2,1,River,Sg Tengi,11.39
86,Sungai Tengi,6.14,2021-02-26,12.78,52.5,0.95,0.2,0.02,6.0,0.0,5.0,5.48,3.1,0.0,0.0,,,0.0,0.0,0.0,,,,0.0,0.5,0.0,0.0,0.0,,,,0.0,0.0,0.0,0.0,0.0,0.0,0.0,0.0,0.0,0.0,0.0,0.0,0.0,,,0.0,,,2,1,River,Sg Tengi,10.48
87,Sungai Tengi,6.2,2021-02-27,17.2,57.67,1.1,0.16,0.04,7.58,0.0,8.67,6.02,3.21,0.0,0.0,,,0.0,0.0,0.0,,,,0.0,0.55,0.0,0.0,0.0,,,,0.0,0.0,0.0,0.0,0.0,0.0,0.0,0.0,0.0,0.0,0.0,0.0,0.0,,,0.0,,,2,1,River,Sg Tengi,14.69
88,Sungai Tengi,6.18,2021-02-28,15.43,65.71,1.15,0.19,0.03,8.0,0.0,10.0,5.86,3.48,0.0,0.0,,,0.0,0.0,0.0,,,,0.0,0.55,0.0,0.0,0.0,,,,0.0,0.0,0.0,0.0,0.0,0.0,0.0,0.0,0.0,0.0,0.0,0.0,0.0,,,0.0,,,2,1,River,Sg Tengi,15.86
89,Sungai Tengi,5.47,2021-01-01,54.63,12.17,1.16,0.28,0.08,12.83,0.0,14.0,4.77,3.17,0.0,0.0,,,0.0,0.0,0.0,,,,0.0,0.51,0.0,0.0,0.0,,,,0.0,0.0,0.0,0.0,0.0,0.0,0.0,0.0,0.0,0.0,0.0,0.0,0.0,,,0.0,,,1,1,River,Sg Tengi,18.77
90,Sungai Tengi,5.61,2021-01-02,25.15,7.42,0.96,0.16,0.04,7.67,0.0,10.42,5.51,3.19,0.0,0.0,,,0.0,0.0,0.0,,,,0.0,0.51,0.0,0.0,0.0,,,,0.0,0.0,0.0,0.0,0.0,0.0,0.0,0.0,0.0,0.0,0.0,0.0,0.0,,,0.0,,,1,1,River,Sg Tengi,15.93
91,Sungai Tengi,5.39,2021-01-03,117.24,9.42,0.96,0.8,0.2,20.17,0.0,18.0,5.8,3.22,0.0,0.0,,,0.0,0.0,0.0,,,,0.0,0.52,0.0,0.0,0.0,,,,0.0,0.0,0.0,0.0,0.0,0.0,0.0,0.0,0.0,0.0,0.0,0.0,0.0,,,0.0,,,1,1,River,Sg Tengi,23.8
92,Sungai Tengi,5.11,2021-01-04,27.78,14.08,0.75,0.38,0.09,14.0,0.0,18.0,6.03,3.24,0.0,0.0,,,0.0,0.0,0.0,,,,0.0,0.52,0.0,0.0,0.0,,,,0.0,0.0,0.0,0.0,0.0,0.0,0.0,0.0,0.0,0.0,0.0,0.0,0.0,,,0.0,,,1,1,River,Sg Tengi,24.03
93,Sungai Tengi,5.12,2021-01-05,22.72,7.17,0.8,0.18,0.13,11.0,0.0,18.33,6.03,3.24,0.0,0.0,,,0.0,0.0,0.0,,,,0.0,0.52,0.0,0.0,0.0,,,,0.0,0.0,0.0,0.0,0.0,0.0,0.0,0.0,0.0,0.0,0.0,0.0,0.0,,,0.0,,,1,1,River,Sg Tengi,24.36
94,Sungai Tengi,5.26,2021-01-06,20.57,9.55,0.7,0.2,0.08,9.36,0.0,14.0,5.84,3.24,0.0,0.0,,,0.0,0.0,0.0,,,,0.0,0.52,0.0,0.0,0.0,,,,0.0,0.0,0.0,0.0,0.0,0.0,0.0,0.0,0.0,0.0,0.0,0.0,0.0,,,0.0,,,1,1,River,Sg Tengi,19.84
95,Sungai Tengi,5.36,2021-01-07,64.43,11.08,1.42,0.12,0.18,12.5,0.0,13.5,5.88,3.27,0.0,0.0,,,0.0,0.0,0.0,,,,0.0,0.51,0.0,0.0,0.0,,,,0.0,0.0,0.0,0.0,0.0,0.0,0.0,0.0,0.0,0.0,0.0,0.0,0.0,,,0.0,,,1,1,River,Sg Tengi,19.38
96,Sungai Tengi,5.39,2021-01-08,61.34,8.67,1.11,0.61,0.14,16.5,0.0,17.67,5.76,2.81,0.0,0.0,,,0.0,0.0,0.0,,,,0.0,0.48,0.0,0.0,0.0,,,,0.0,0.0,0.0,0.0,0.0,0.0,0.0,0.0,0.0,0.0,0.0,0.0,0.0,,,0.0,,,1,1,River,Sg Tengi,23.43
97,Sungai Tengi,5.36,2021-01-09,17.2,3.5,0.59,0.16,0.05,9.33,0.0,14.0,5.51,3.09,0.0,0.0,,,0.0,0.0,0.0,,,,0.0,0.49,0.0,0.0,0.0,,,,0.0,0.0,0.0,0.0,0.0,0.0,0.0,0.0,0.0,0.0,0.0,0.0,0.0,,,0.0,,,1,1,River,Sg Tengi,19.509999999999998
98,Sungai Tengi,5.42,2021-01-10,14.02,4.08,0.62,0.1,0.04,8.5,0.0,14.0,5.69,3.29,0.0,0.0,,,0.0,0.0,0.0,,,,0.0,0.5,0.0,0.0,0.0,,,,0.0,0.0,0.0,0.0,0.0,0.0,0.0,0.0,0.0,0.0,0.0,0.0,0.0,,,0.0,,,1,1,River,Sg Tengi,19.69
99,Sungai Tengi,5.43,2021-01-11,12.93,2.75,0.69,0.11,0.03,9.5,0.0,13.75,5.65,3.31,0.0,0.0,,,0.0,0.0,0.0,,,,0.0,0.49,0.0,0.0,0.0,,,,0.0,0.0,0.0,0.0,0.0,0.0,0.0,0.0,0.0,0.0,0.0,0.0,0.0,,,0.0,,,1,1,River,Sg Tengi,19.4
100,Sungai Tengi,5.4,2021-01-12,11.18,3.33,0.69,0.08,0.06,8.33,0.0,12.33,5.46,3.18,0.0,0.0,,,0.0,0.0,0.0,,,,0.0,0.46,0.0,0.0,0.0,,,,0.0,0.0,0.0,0.0,0.0,0.0,0.0,0.0,0.0,0.0,0.0,0.0,0.0,,,0.0,,,1,1,River,Sg Tengi,17.79
101,Sungai Tengi,5.5,2021-01-13,10.16,3.42,0.65,0.08,0.02,8.0,0.0,12.25,5.38,3.08,0.0,0.0,,,0.0,0.0,0.0,,,,0.0,0.46,0.0,0.0,0.0,,,,0.0,0.0,0.0,0.0,0.0,0.0,0.0,0.0,0.0,0.0,0.0,0.0,0.0,,,0.0,,,1,1,River,Sg Tengi,17.63
102,Sungai Tengi,5.52,2021-01-14,9.85,4.75,0.75,0.07,0.01,8.5,0.0,12.75,5.35,3.04,0.0,0.0,,,0.0,0.0,0.0,,,,0.0,0.47,0.0,0.0,0.0,,,,0.0,0.0,0.0,0.0,0.0,0.0,0.0,0.0,0.0,0.0,0.0,0.0,0.0,,,0.0,,,1,1,River,Sg Tengi,18.1
103,Sungai Tengi,5.57,2021-01-15,13.3,3.92,0.7,0.12,0.03,8.0,0.0,10.0,5.85,3.1,0.0,0.0,,,0.0,0.0,0.0,,,,0.0,0.49,0.0,0.0,0.0,,,,0.0,0.0,0.0,0.0,0.0,0.0,0.0,0.0,0.0,0.0,0.0,0.0,0.0,,,0.0,,,1,1,River,Sg Tengi,15.85
104,Sungai Tengi,5.52,2021-01-16,14.05,4.67,0.95,0.29,0.04,7.5,0.0,8.33,5.68,3.05,0.0,0.0,,,0.0,0.0,0.0,,,,0.0,0.49,0.0,0.0,0.0,,,,0.0,0.0,0.0,0.0,0.0,0.0,0.0,0.0,0.0,0.0,0.0,0.0,0.0,,,0.0,,,1,1,River,Sg Tengi,14.01
105,Sungai Tengi,5.62,2021-01-17,28.02,3.25,1.02,0.38,0.03,9.75,0.0,11.33,5.63,3.06,0.0,0.0,,,0.0,0.0,0.0,,,,0.0,0.49,0.0,0.0,0.0,,,,0.0,0.0,0.0,0.0,0.0,0.0,0.0,0.0,0.0,0.0,0.0,0.0,0.0,,,0.0,,,1,1,River,Sg Tengi,16.96
106,Sungai Tengi,5.54,2021-01-18,14.29,4.83,0.81,0.29,0.04,8.17,0.0,10.25,5.48,3.04,0.0,0.0,,,0.0,0.0,0.0,,,,0.0,0.5,0.0,0.0,0.0,,,,0.0,0.0,0.0,0.0,0.0,0.0,0.0,0.0,0.0,0.0,0.0,0.0,0.0,,,0.0,,,1,1,River,Sg Tengi,15.73
107,Sungai Tengi,5.68,2021-01-19,9.98,4.83,0.68,0.2,0.03,8.0,0.0,10.0,5.47,3.04,0.0,0.0,,,0.0,0.0,0.0,,,,0.0,0.5,0.0,0.0,0.0,,,,0.0,0.0,0.0,0.0,0.0,0.0,0.0,0.0,0.0,0.0,0.0,0.0,0.0,,,0.0,,,1,1,River,Sg Tengi,15.469999999999999
108,Sungai Tengi,6.0,2021-01-20,6.67,7.67,0.7,0.22,0.02,7.17,0.0,9.17,5.47,3.04,0.0,0.0,,,0.0,0.0,0.0,,,,0.0,0.5,0.0,0.0,0.0,,,,0.0,0.0,0.0,0.0,0.0,0.0,0.0,0.0,0.0,0.0,0.0,0.0,0.0,,,0.0,,,1,1,River,Sg Tengi,14.64
109,Sungai Tengi,5.79,2021-01-21,9.6,5.33,0.72,0.07,0.03,8.0,0.0,8.5,5.45,3.03,0.0,0.0,,,0.0,0.0,0.0,,,,0.0,0.5,0.0,0.0,0.0,,,,0.0,0.0,0.0,0.0,0.0,0.0,0.0,0.0,0.0,0.0,0.0,0.0,0.0,,,0.0,,,1,1,River,Sg Tengi,13.95
110,Sungai Tengi,5.69,2021-01-22,47.13,6.83,0.72,0.28,0.02,13.33,0.0,15.25,5.47,3.04,0.0,0.0,,,0.0,0.0,0.0,,,,0.0,0.5,0.0,0.0,0.0,,,,0.0,0.0,0.0,0.0,0.0,0.0,0.0,0.0,0.0,0.0,0.0,0.0,0.0,,,0.0,,,1,1,River,Sg Tengi,20.72
111,Sungai Tengi,5.34,2021-01-23,21.87,4.33,0.73,0.66,0.05,10.5,0.0,13.92,5.44,3.03,0.0,0.0,,,0.0,0.0,0.0,,,,0.0,0.5,0.0,0.0,0.0,,,,0.0,0.0,0.0,0.0,0.0,0.0,0.0,0.0,0.0,0.0,0.0,0.0,0.0,,,0.0,,,1,1,River,Sg Tengi,19.36
112,Sungai Tengi,5.67,2021-01-24,18.57,5.08,0.66,0.15,0.02,9.33,0.0,11.33,5.47,3.04,0.0,0.0,,,0.0,0.0,0.0,,,,0.0,0.48,0.0,0.0,0.0,,,,0.0,0.0,0.0,0.0,0.0,0.0,0.0,0.0,0.0,0.0,0.0,0.0,0.0,,,0.0,,,1,1,River,Sg Tengi,16.8
113,Sungai Tengi,5.61,2021-01-25,40.94,7.67,0.89,0.1,0.03,12.83,0.0,14.17,5.45,3.03,0.0,0.0,,,0.0,0.0,0.0,,,,0.0,0.48,0.0,0.0,0.0,,,,0.0,0.0,0.0,0.0,0.0,0.0,0.0,0.0,0.0,0.0,0.0,0.0,0.0,,,0.0,,,1,1,River,Sg Tengi,19.62
114,Sungai Tengi,5.49,2021-01-26,27.22,3.71,0.74,0.23,0.06,16.0,0.0,15.33,5.45,3.03,0.0,0.0,,,0.0,0.0,0.0,,,,0.0,0.48,0.0,0.0,0.0,,,,0.0,0.0,0.0,0.0,0.0,0.0,0.0,0.0,0.0,0.0,0.0,0.0,0.0,,,0.0,,,1,1,River,Sg Tengi,20.78
115,Sungai Tengi,5.58,2021-01-27,127.3,8.88,1.3,0.38,0.04,18.0,0.0,18.5,5.45,3.03,0.0,0.0,,,0.0,0.0,0.0,,,,0.0,0.48,0.0,0.0,0.0,,,,0.0,0.0,0.0,0.0,0.0,0.0,0.0,0.0,0.0,0.0,0.0,0.0,0.0,,,0.0,,,1,1,River,Sg Tengi,23.95
116,Sungai Tengi,5.43,2021-01-28,49.26,4.81,0.94,0.5,0.12,18.6,0.0,19.6,5.67,3.15,0.0,0.0,,,0.0,0.0,0.0,,,,0.0,0.49,0.0,0.0,0.0,,,,0.0,0.0,0.0,0.0,0.0,0.0,0.0,0.0,0.0,0.0,0.0,0.0,0.0,,,0.0,,,1,1,River,Sg Tengi,25.270000000000003
117,Sungai Tengi,5.56,2021-01-29,20.12,4.38,0.84,0.32,0.06,10.5,0.0,12.83,5.55,3.08,0.0,0.0,,,0.0,0.0,0.0,,,,0.0,0.49,0.0,0.0,0.0,,,,0.0,0.0,0.0,0.0,0.0,0.0,0.0,0.0,0.0,0.0,0.0,0.0,0.0,,,0.0,,,1,1,River,Sg Tengi,18.38
118,Sungai Tengi,5.66,2021-01-30,19.72,4.6,0.88,0.12,0.05,12.4,0.0,15.6,5.61,3.07,0.0,0.0,,,0.0,0.0,0.0,,,,0.0,0.5,0.0,0.0,0.0,,,,0.0,0.0,0.0,0.0,0.0,0.0,0.0,0.0,0.0,0.0,0.0,0.0,0.0,,,0.0,,,1,1,River,Sg Tengi,21.21
119,Sungai Tengi,5.76,2021-01-31,13.8,4.17,0.84,0.14,0.03,6.67,0.0,12.0,5.36,3.41,0.0,0.0,,,0.0,0.0,0.0,,,,0.0,0.49,0.0,0.0,0.0,,,,0.0,0.0,0.0,0.0,0.0,0.0,0.0,0.0,0.0,0.0,0.0,0.0,0.0,,,0.0,,,1,1,River,Sg Tengi,17.36
120,Sungai Tengi,5.85,2021-07-01,17.62,133.43,0.84,0.12,0.04,9.55,0.0,10.18,6.26,2.7,0.0,0.0,,,0.0,0.0,0.0,,,,0.0,0.52,0.0,0.0,0.0,,,,0.0,0.0,0.0,0.0,0.0,0.0,0.0,0.0,0.0,0.0,0.0,0.0,0.0,,,0.0,,,7,3,River,Sg Tengi,16.439999999999998
121,Sungai Tengi,5.99,2021-07-02,10.89,79.19,0.83,0.38,0.03,8.0,0.0,8.0,6.26,2.7,0.0,0.0,,,0.0,0.0,0.0,,,,0.0,0.52,0.0,0.0,0.0,,,,0.0,0.0,0.0,0.0,0.0,0.0,0.0,0.0,0.0,0.0,0.0,0.0,0.0,,,0.0,,,7,3,River,Sg Tengi,14.26
122,Sungai Tengi,5.97,2021-07-03,7.25,61.38,0.71,0.4,0.04,6.0,0.0,6.0,6.26,2.7,0.0,0.0,,,0.0,0.0,0.0,,,,0.0,0.52,0.0,0.0,0.0,,,,0.0,0.0,0.0,0.0,0.0,0.0,0.0,0.0,0.0,0.0,0.0,0.0,0.0,,,0.0,,,7,3,River,Sg Tengi,12.26
123,Sungai Tengi,5.97,2021-07-04,17.49,138.75,0.72,0.64,0.04,7.67,0.0,8.33,6.26,2.7,0.0,0.0,,,0.0,0.0,0.0,,,,0.0,0.52,0.0,0.0,0.0,,,,0.0,0.0,0.0,0.0,0.0,0.0,0.0,0.0,0.0,0.0,0.0,0.0,0.0,,,0.0,,,7,3,River,Sg Tengi,14.59
124,Sungai Tengi,5.65,2021-07-05,100.92,496.95,1.14,0.36,0.07,18.0,0.0,18.1,6.26,2.71,0.0,0.0,,,0.0,0.0,0.0,,,,0.0,0.51,0.0,0.0,0.0,,,,0.0,0.0,0.0,0.0,0.0,0.0,0.0,0.0,0.0,0.0,0.0,0.0,0.0,,,0.0,,,7,3,River,Sg Tengi,24.36
125,Sungai Tengi,5.36,2021-07-06,20.86,148.2,0.72,0.24,0.05,10.6,0.0,14.0,7.82,2.71,0.0,0.0,,,0.0,0.0,0.0,,,,0.0,0.51,0.0,0.0,0.0,,,,0.0,0.0,0.0,0.0,0.0,0.0,0.0,0.0,0.0,0.0,0.0,0.0,0.0,,,0.0,,,7,3,River,Sg Tengi,21.82
126,Sungai Tengi,5.77,2021-07-07,13.35,97.65,0.54,0.38,0.04,9.8,0.0,11.8,7.82,2.71,0.0,0.0,,,0.0,0.0,0.0,,,,0.0,28.99,0.0,0.0,0.0,,,,0.0,0.0,0.0,0.0,0.0,0.0,0.0,0.0,0.0,0.0,0.0,0.0,0.0,,,0.0,,,7,3,River,Sg Tengi,19.62
127,Sungai Tengi,5.79,2021-07-08,9.65,76.05,0.68,0.06,0.05,6.0,0.0,9.0,7.82,3.26,0.0,0.0,,,0.0,0.0,0.0,,,,0.0,0.51,0.0,0.0,0.0,,,,0.0,0.0,0.0,0.0,0.0,0.0,0.0,0.0,0.0,0.0,0.0,0.0,0.0,,,0.0,,,7,3,River,Sg Tengi,16.82
128,Sungai Tengi,5.83,2021-07-09,8.36,69.58,0.6,0.12,0.07,6.0,0.0,9.0,7.82,3.26,0.0,0.0,,,0.0,0.0,0.0,,,,0.0,0.51,0.0,0.0,0.0,,,,0.0,0.0,0.0,0.0,0.0,0.0,0.0,0.0,0.0,0.0,0.0,0.0,0.0,,,0.0,,,7,3,River,Sg Tengi,16.82
129,Sungai Tengi,5.84,2021-07-10,11.66,72.6,0.92,0.17,0.04,7.1,0.0,11.1,7.82,3.26,0.0,0.0,,,0.0,0.0,0.0,,,,0.0,0.51,0.0,0.0,0.0,,,,0.0,0.0,0.0,0.0,0.0,0.0,0.0,0.0,0.0,0.0,0.0,0.0,0.0,,,0.0,,,7,3,River,Sg Tengi,18.92
130,Sungai Tengi,5.47,2021-07-11,25.81,230.1,0.9,0.0,0.05,15.0,0.0,18.0,7.82,3.26,0.0,0.0,,,0.0,0.0,0.0,,,,0.0,0.51,0.0,0.0,0.0,,,,0.0,0.0,0.0,0.0,0.0,0.0,0.0,0.0,0.0,0.0,0.0,0.0,0.0,,,0.0,,,7,3,River,Sg Tengi,25.82
131,Sungai Tengi,5.29,2021-07-12,25.72,189.1,0.92,0.23,0.09,14.8,0.0,16.8,7.82,3.26,0.0,0.0,,,0.0,0.0,0.0,,,,0.0,0.51,0.0,0.0,0.0,,,,0.0,0.0,0.0,0.0,0.0,0.0,0.0,0.0,0.0,0.0,0.0,0.0,0.0,,,0.0,,,7,3,River,Sg Tengi,24.62
132,Sungai Tengi,5.44,2021-07-13,9.75,74.75,0.54,0.11,0.05,8.8,0.0,11.4,7.12,3.26,0.0,0.0,,,0.0,0.0,0.0,,,,0.0,0.51,0.0,0.0,0.0,,,,0.0,0.0,0.0,0.0,0.0,0.0,0.0,0.0,0.0,0.0,0.0,0.0,0.0,,,0.0,,,7,3,River,Sg Tengi,18.52
133,Sungai Tengi,5.86,2021-07-14,7.62,70.1,0.65,0.13,0.03,6.0,0.0,8.0,7.33,3.39,0.0,0.0,,,0.0,0.0,0.0,,,,0.0,0.54,0.0,0.0,0.0,,,,0.0,0.0,0.0,0.0,0.0,0.0,0.0,0.0,0.0,0.0,0.0,0.0,0.0,,,0.0,,,7,3,River,Sg Tengi,15.33
134,Sungai Tengi,5.88,2021-07-15,7.35,68.19,0.71,0.35,0.05,5.0,0.0,7.0,7.36,3.4,0.0,0.0,,,0.0,0.0,0.0,,,,0.0,0.54,0.0,0.0,0.0,,,,0.0,0.0,0.0,0.0,0.0,0.0,0.0,0.0,0.0,0.0,0.0,0.0,0.0,,,0.0,,,7,3,River,Sg Tengi,14.36
135,Sungai Tengi,6.05,2021-07-16,7.58,68.77,0.83,0.14,0.01,5.0,0.0,7.0,7.36,3.4,0.0,0.0,,,0.0,0.0,0.0,,,,0.0,0.54,0.0,0.0,0.0,,,,0.0,0.0,0.0,0.0,0.0,0.0,0.0,0.0,0.0,0.0,0.0,0.0,0.0,,,0.0,,,7,3,River,Sg Tengi,14.36
136,Sungai Tengi,5.99,2021-07-17,7.44,63.58,0.91,0.15,0.02,5.0,0.0,7.0,7.36,3.4,0.0,0.0,,,0.0,0.0,0.0,,,,0.0,0.54,0.0,0.0,0.0,,,,0.0,0.0,0.0,0.0,0.0,0.0,0.0,0.0,0.0,0.0,0.0,0.0,0.0,,,0.0,,,7,3,River,Sg Tengi,14.36
137,Sungai Tengi,6.0,2021-07-18,6.71,49.46,0.89,0.11,0.03,5.0,0.0,7.0,7.36,3.4,0.0,0.0,,,0.0,0.0,0.0,,,,0.0,0.54,0.0,0.0,0.0,,,,0.0,0.0,0.0,0.0,0.0,0.0,0.0,0.0,0.0,0.0,0.0,0.0,0.0,,,0.0,,,7,3,River,Sg Tengi,14.36
138,Sungai Tengi,6.04,2021-07-19,6.16,55.54,0.83,0.12,0.02,5.0,0.0,7.0,7.36,3.4,0.0,0.0,,,0.0,0.0,0.0,,,,0.0,0.54,0.0,0.0,0.0,,,,0.0,0.0,0.0,0.0,0.0,0.0,0.0,0.0,0.0,0.0,0.0,0.0,0.0,,,0.0,,,7,3,River,Sg Tengi,14.36
139,Sungai Tengi,6.08,2021-07-20,5.76,51.67,0.78,0.07,0.03,5.0,0.0,7.0,7.36,3.4,0.0,0.0,,,0.0,0.0,0.0,,,,0.0,0.54,0.0,0.0,0.0,,,,0.0,0.0,0.0,0.0,0.0,0.0,0.0,0.0,0.0,0.0,0.0,0.0,0.0,,,0.0,,,7,3,River,Sg Tengi,14.36
140,Sungai Tengi,6.11,2021-07-21,5.71,53.83,0.74,0.1,0.04,5.0,0.0,7.0,7.36,3.4,0.0,0.0,,,0.0,0.0,0.0,,,,0.0,0.54,0.0,0.0,0.0,,,,0.0,0.0,0.0,0.0,0.0,0.0,0.0,0.0,0.0,0.0,0.0,0.0,0.0,,,0.0,,,7,3,River,Sg Tengi,14.36
141,Sungai Tengi,6.24,2021-07-22,5.92,60.29,0.62,0.15,0.06,5.0,0.0,7.0,7.36,3.4,0.0,0.0,,,0.0,0.0,0.0,,,,0.0,0.54,0.0,0.0,0.0,,,,0.0,0.0,0.0,0.0,0.0,0.0,0.0,0.0,0.0,0.0,0.0,0.0,0.0,,,0.0,,,7,3,River,Sg Tengi,14.36
142,Sungai Tengi,6.07,2021-07-23,5.67,51.38,0.89,0.11,0.02,5.0,0.0,7.0,7.36,3.4,0.0,0.0,,,0.0,0.0,0.0,,,,0.0,0.54,0.0,0.0,0.0,,,,0.0,0.0,0.0,0.0,0.0,0.0,0.0,0.0,0.0,0.0,0.0,0.0,0.0,,,0.0,,,7,3,River,Sg Tengi,14.36
143,Sungai Tengi,6.12,2021-07-24,5.95,60.38,0.84,0.1,0.05,6.0,0.0,6.0,6.77,3.52,0.0,0.0,,,0.0,0.0,0.0,,,,0.0,0.56,0.0,0.0,0.0,,,,0.0,0.0,0.0,0.0,0.0,0.0,0.0,0.0,0.0,0.0,0.0,0.0,0.0,,,0.0,,,7,3,River,Sg Tengi,12.77
144,Sungai Tengi,6.02,2021-07-25,6.64,66.67,0.9,0.13,0.03,6.0,0.0,6.0,6.77,3.52,0.0,0.0,,,0.0,0.0,0.0,,,,0.0,0.56,0.0,0.0,0.0,,,,0.0,0.0,0.0,0.0,0.0,0.0,0.0,0.0,0.0,0.0,0.0,0.0,0.0,,,0.0,,,7,3,River,Sg Tengi,12.77
145,Sungai Tengi,6.1,2021-07-26,6.07,63.33,0.85,0.08,0.02,6.0,0.0,6.0,6.77,3.52,0.0,0.0,,,0.0,0.0,0.0,,,,0.0,0.56,0.0,0.0,0.0,,,,0.0,0.0,0.0,0.0,0.0,0.0,0.0,0.0,0.0,0.0,0.0,0.0,0.0,,,0.0,,,7,3,River,Sg Tengi,12.77
146,Sungai Tengi,6.03,2021-07-27,7.15,61.52,0.89,0.2,0.02,6.0,0.0,6.0,6.77,3.52,0.0,0.0,,,0.0,0.0,0.0,,,,0.0,0.56,0.0,0.0,0.0,,,,0.0,0.0,0.0,0.0,0.0,0.0,0.0,0.0,0.0,0.0,0.0,0.0,0.0,,,0.0,,,7,3,River,Sg Tengi,12.77
147,Sungai Tengi,6.2,2021-07-28,6.0,63.38,0.74,0.21,0.01,6.0,0.0,6.0,6.77,3.52,0.0,0.0,,,0.0,0.0,0.0,,,,0.0,0.56,0.0,0.0,0.0,,,,0.0,0.0,0.0,0.0,0.0,0.0,0.0,0.0,0.0,0.0,0.0,0.0,0.0,,,0.0,,,7,3,River,Sg Tengi,12.77
148,Sungai Tengi,6.08,2021-07-29,6.37,64.88,0.89,0.22,0.01,6.0,0.0,6.0,6.77,3.52,0.0,0.0,,,0.0,0.0,0.0,,,,0.0,0.56,0.0,0.0,0.0,,,,0.0,0.0,0.0,0.0,0.0,0.0,0.0,0.0,0.0,0.0,0.0,0.0,0.0,,,0.0,,,7,3,River,Sg Tengi,12.77
149,Sungai Tengi,6.03,2021-07-30,5.61,59.67,0.94,0.27,0.03,6.0,0.0,6.0,6.77,3.52,0.0,0.0,,,0.0,0.0,0.0,,,,0.0,0.56,0.0,0.0,0.0,,,,0.0,0.0,0.0,0.0,0.0,0.0,0.0,0.0,0.0,0.0,0.0,0.0,0.0,,,0.0,,,7,3,River,Sg Tengi,12.77
150,Sungai Tengi,6.08,2021-07-31,16.59,81.5,0.86,0.42,0.02,8.17,0.0,9.42,6.77,3.52,0.0,0.0,,,0.0,0.0,0.0,,,,0.0,0.56,0.0,0.0,0.0,,,,0.0,0.0,0.0,0.0,0.0,0.0,0.0,0.0,0.0,0.0,0.0,0.0,0.0,,,0.0,,,7,3,River,Sg Tengi,16.189999999999998
151,Sungai Tengi,5.75,2021-06-01,9.86,73.1,0.8,0.07,0.06,5.0,0.0,8.0,6.65,3.26,0.0,0.0,,,0.0,0.0,0.0,,,,0.0,0.58,0.0,0.0,0.0,,,,0.0,0.0,0.0,0.0,0.0,0.0,0.0,0.0,0.0,0.0,0.0,0.0,0.0,,,0.0,,,6,2,River,Sg Tengi,14.65
152,Sungai Tengi,5.95,2021-06-02,8.72,75.0,0.79,0.08,0.02,5.0,0.0,8.0,5.08,3.26,0.0,0.0,,,0.0,0.0,0.0,,,,0.0,0.58,0.0,0.0,0.0,,,,0.0,0.0,0.0,0.0,0.0,0.0,0.0,0.0,0.0,0.0,0.0,0.0,0.0,,,0.0,,,6,2,River,Sg Tengi,13.08
153,Sungai Tengi,5.91,2021-06-03,9.99,75.08,0.75,0.08,0.03,5.0,0.0,8.0,5.47,3.26,0.0,0.0,,,0.0,0.0,0.0,,,,0.0,0.58,0.0,0.0,0.0,,,,0.0,0.0,0.0,0.0,0.0,0.0,0.0,0.0,0.0,0.0,0.0,0.0,0.0,,,0.0,,,6,2,River,Sg Tengi,13.469999999999999
154,Sungai Tengi,5.93,2021-06-04,11.66,96.29,0.91,0.28,0.02,6.1,0.0,8.8,5.47,3.26,0.0,0.0,,,0.0,0.0,0.0,,,,0.0,0.58,0.0,0.0,0.0,,,,0.0,0.0,0.0,0.0,0.0,0.0,0.0,0.0,0.0,0.0,0.0,0.0,0.0,,,0.0,,,6,2,River,Sg Tengi,14.27
155,Sungai Tengi,5.31,2021-06-05,100.9,499.4,1.2,0.2,0.24,21.4,0.0,19.6,6.26,3.26,0.0,0.0,,,0.0,0.0,0.0,,,,0.0,0.58,0.0,0.0,0.0,,,,0.0,0.0,0.0,0.0,0.0,0.0,0.0,0.0,0.0,0.0,0.0,0.0,0.0,,,0.0,,,6,2,River,Sg Tengi,25.86
156,Sungai Tengi,5.46,2021-06-06,14.4,82.54,0.69,0.1,0.04,10.0,0.0,16.0,6.26,3.26,0.0,0.0,,,0.0,0.0,0.0,,,,0.0,0.58,0.0,0.0,0.0,,,,0.0,0.0,0.0,0.0,0.0,0.0,0.0,0.0,0.0,0.0,0.0,0.0,0.0,,,0.0,,,6,2,River,Sg Tengi,22.259999999999998
157,Sungai Tengi,5.62,2021-06-07,10.79,58.76,0.61,0.16,0.03,7.8,0.0,13.2,6.34,3.31,0.0,0.0,,,0.0,0.0,0.0,,,,0.0,0.58,0.0,0.0,0.0,,,,0.0,0.0,0.0,0.0,0.0,0.0,0.0,0.0,0.0,0.0,0.0,0.0,0.0,,,0.0,,,6,2,River,Sg Tengi,19.54
158,Sungai Tengi,5.81,2021-06-08,11.54,74.71,0.96,0.08,0.04,6.0,0.0,10.0,6.26,3.8,0.0,0.0,,,0.0,0.0,0.0,,,,0.0,0.58,0.0,0.0,0.0,,,,0.0,0.0,0.0,0.0,0.0,0.0,0.0,0.0,0.0,0.0,0.0,0.0,0.0,,,0.0,,,6,2,River,Sg Tengi,16.259999999999998
159,Sungai Tengi,5.78,2021-06-09,9.28,57.3,0.83,0.07,0.03,6.0,0.0,10.0,6.26,3.8,0.0,0.0,,,0.0,0.0,0.0,,,,0.0,0.58,0.0,0.0,0.0,,,,0.0,0.0,0.0,0.0,0.0,0.0,0.0,0.0,0.0,0.0,0.0,0.0,0.0,,,0.0,,,6,2,River,Sg Tengi,16.259999999999998
160,Sungai Tengi,5.81,2021-06-10,8.73,42.5,0.8,0.09,0.03,6.0,0.0,10.0,6.26,3.8,0.0,0.0,,,0.0,0.0,0.0,,,,0.0,0.58,0.0,0.0,0.0,,,,0.0,0.0,0.0,0.0,0.0,0.0,0.0,0.0,0.0,0.0,0.0,0.0,0.0,,,0.0,,,6,2,River,Sg Tengi,16.259999999999998
161,Sungai Tengi,5.76,2021-06-11,7.38,49.9,0.88,0.09,0.03,6.0,0.0,10.0,6.26,3.8,0.0,0.0,,,0.0,0.0,0.0,,,,0.0,0.58,0.0,0.0,0.0,,,,0.0,0.0,0.0,0.0,0.0,0.0,0.0,0.0,0.0,0.0,0.0,0.0,0.0,,,0.0,,,6,2,River,Sg Tengi,16.259999999999998
162,Sungai Tengi,5.82,2021-06-12,7.19,46.0,0.84,0.1,0.03,6.0,0.0,9.0,6.26,3.26,0.0,0.0,,,0.0,0.0,0.0,,,,0.0,0.52,0.0,0.0,0.0,,,,0.0,0.0,0.0,0.0,0.0,0.0,0.0,0.0,0.0,0.0,0.0,0.0,0.0,,,0.0,,,6,2,River,Sg Tengi,15.26
163,Sungai Tengi,5.83,2021-06-13,7.41,58.0,0.79,0.13,0.04,6.0,0.0,9.0,6.26,3.26,0.0,0.0,,,0.0,0.0,0.0,,,,0.0,0.52,0.0,0.0,0.0,,,,0.0,0.0,0.0,0.0,0.0,0.0,0.0,0.0,0.0,0.0,0.0,0.0,0.0,,,0.0,,,6,2,River,Sg Tengi,15.26
164,Sungai Tengi,5.97,2021-06-14,8.46,65.45,0.85,0.18,0.03,6.4,0.0,9.0,6.26,3.26,0.0,0.0,,,0.0,0.0,0.0,,,,0.0,0.52,0.0,0.0,0.0,,,,0.0,0.0,0.0,0.0,0.0,0.0,0.0,0.0,0.0,0.0,0.0,0.0,0.0,,,0.0,,,6,2,River,Sg Tengi,15.26
165,Sungai Tengi,5.74,2021-06-15,74.34,416.42,0.97,0.21,0.04,14.56,0.0,15.56,6.54,3.41,0.0,0.0,,,0.0,0.0,0.0,,,,0.0,0.54,0.0,0.0,0.0,,,,0.0,0.0,0.0,0.0,0.0,0.0,0.0,0.0,0.0,0.0,0.0,0.0,0.0,,,0.0,,,6,2,River,Sg Tengi,22.1
166,Sungai Tengi,5.56,2021-06-16,16.84,140.55,0.89,0.49,0.04,11.7,0.0,14.9,6.54,3.97,0.0,0.0,,,0.0,0.0,0.0,,,,0.0,0.54,0.0,0.0,0.0,,,,0.0,0.0,0.0,0.0,0.0,0.0,0.0,0.0,0.0,0.0,0.0,0.0,0.0,,,0.0,,,6,2,River,Sg Tengi,21.44
167,Sungai Tengi,5.47,2021-06-17,135.24,463.1,0.81,0.63,0.02,16.2,0.0,17.4,6.54,3.4,0.0,0.0,,,0.0,0.0,0.0,,,,0.0,0.57,0.0,0.0,0.0,,,,0.0,0.0,0.0,0.0,0.0,0.0,0.0,0.0,0.0,0.0,0.0,0.0,0.0,,,0.0,,,6,2,River,Sg Tengi,23.939999999999998
168,Sungai Tengi,5.36,2021-06-18,25.5,268.81,0.6,0.22,0.08,14.36,0.0,17.27,6.26,2.71,0.0,0.0,,,0.0,0.0,0.0,,,,0.0,0.52,0.0,0.0,0.0,,,,0.0,0.0,0.0,0.0,0.0,0.0,0.0,0.0,0.0,0.0,0.0,0.0,0.0,,,0.0,,,6,2,River,Sg Tengi,23.53
169,Sungai Tengi,5.33,2021-06-19,14.57,64.85,0.62,0.0,0.04,10.2,0.0,14.4,6.26,2.71,0.0,0.0,,,0.0,0.0,0.0,,,,0.0,0.52,0.0,0.0,0.0,,,,0.0,0.0,0.0,0.0,0.0,0.0,0.0,0.0,0.0,0.0,0.0,0.0,0.0,,,0.0,,,6,2,River,Sg Tengi,20.66
170,Sungai Tengi,5.54,2021-06-20,10.42,60.1,0.64,0.09,0.05,7.0,0.0,11.0,6.26,2.71,0.0,0.0,,,0.0,0.0,0.0,,,,0.0,0.52,0.0,0.0,0.0,,,,0.0,0.0,0.0,0.0,0.0,0.0,0.0,0.0,0.0,0.0,0.0,0.0,0.0,,,0.0,,,6,2,River,Sg Tengi,17.259999999999998
171,Sungai Tengi,5.73,2021-06-21,10.65,62.45,0.63,0.12,0.03,7.0,0.0,11.0,6.26,2.71,0.0,0.0,,,0.0,0.0,0.0,,,,0.0,0.52,0.0,0.0,0.0,,,,0.0,0.0,0.0,0.0,0.0,0.0,0.0,0.0,0.0,0.0,0.0,0.0,0.0,,,0.0,,,6,2,River,Sg Tengi,17.259999999999998
172,Sungai Tengi,5.72,2021-06-22,9.5,60.24,0.65,0.14,0.03,7.0,0.0,11.0,6.26,2.71,0.0,0.0,,,0.0,0.0,0.0,,,,0.0,0.52,0.0,0.0,0.0,,,,0.0,0.0,0.0,0.0,0.0,0.0,0.0,0.0,0.0,0.0,0.0,0.0,0.0,,,0.0,,,6,2,River,Sg Tengi,17.259999999999998
173,Sungai Tengi,5.83,2021-06-23,9.48,54.0,0.82,0.17,0.03,7.0,0.0,11.0,6.26,2.71,0.0,0.0,,,0.0,0.0,0.0,,,,0.0,0.52,0.0,0.0,0.0,,,,0.0,0.0,0.0,0.0,0.0,0.0,0.0,0.0,0.0,0.0,0.0,0.0,0.0,,,0.0,,,6,2,River,Sg Tengi,17.259999999999998
174,Sungai Tengi,5.84,2021-06-24,8.11,53.67,0.71,0.2,0.04,7.0,0.0,11.0,6.26,2.71,0.0,0.0,,,0.0,0.0,0.0,,,,0.0,0.52,0.0,0.0,0.0,,,,0.0,0.0,0.0,0.0,0.0,0.0,0.0,0.0,0.0,0.0,0.0,0.0,0.0,,,0.0,,,6,2,River,Sg Tengi,17.259999999999998
175,Sungai Tengi,5.77,2021-06-25,31.28,166.1,0.71,0.13,0.03,11.5,0.0,13.7,6.26,2.71,0.0,0.0,,,0.0,0.0,0.0,,,,0.0,0.52,0.0,0.0,0.0,,,,0.0,0.0,0.0,0.0,0.0,0.0,0.0,0.0,0.0,0.0,0.0,0.0,0.0,,,0.0,,,6,2,River,Sg Tengi,19.96
176,Sungai Tengi,5.91,2021-06-26,13.6,84.15,0.68,0.1,0.05,10.4,0.0,12.4,6.26,2.71,0.0,0.0,,,0.0,0.0,0.0,,,,0.0,0.52,0.0,0.0,0.0,,,,0.0,0.0,0.0,0.0,0.0,0.0,0.0,0.0,0.0,0.0,0.0,0.0,0.0,,,0.0,,,6,2,River,Sg Tengi,18.66
177,Sungai Tengi,5.84,2021-06-27,8.38,72.38,0.8,0.14,0.03,7.09,0.0,9.09,6.26,2.71,0.0,0.0,,,0.0,0.0,0.0,,,,0.0,0.52,0.0,0.0,0.0,,,,0.0,0.0,0.0,0.0,0.0,0.0,0.0,0.0,0.0,0.0,0.0,0.0,0.0,,,0.0,,,6,2,River,Sg Tengi,15.35
178,Sungai Tengi,5.99,2021-06-28,7.41,70.75,0.75,0.11,0.02,6.0,0.0,7.0,6.26,2.7,0.0,0.0,,,0.0,0.0,0.0,,,,0.0,0.52,0.0,0.0,0.0,,,,0.0,0.0,0.0,0.0,0.0,0.0,0.0,0.0,0.0,0.0,0.0,0.0,0.0,,,0.0,,,6,2,River,Sg Tengi,13.26
179,Sungai Tengi,5.73,2021-06-29,9.27,88.95,0.82,0.12,0.03,6.6,0.0,7.6,6.26,2.7,0.0,0.0,,,0.0,0.0,0.0,,,,0.0,0.52,0.0,0.0,0.0,,,,0.0,0.0,0.0,0.0,0.0,0.0,0.0,0.0,0.0,0.0,0.0,0.0,0.0,,,0.0,,,6,2,River,Sg Tengi,13.86
180,Sungai Tengi,5.88,2021-06-30,8.9,73.42,0.7,0.43,0.05,8.4,0.0,8.5,6.26,2.7,0.0,0.0,,,0.0,0.0,0.0,,,,0.0,0.52,0.0,0.0,0.0,,,,0.0,0.0,0.0,0.0,0.0,0.0,0.0,0.0,0.0,0.0,0.0,0.0,0.0,,,0.0,,,6,2,River,Sg Tengi,14.76
181,Sungai Tengi,6.11,2021-03-01,15.79,67.17,1.12,0.2,0.04,6.67,0.0,5.0,5.89,2.97,0.0,0.0,,,0.0,0.0,0.0,,,,0.0,0.56,0.0,0.0,0.0,,,,0.0,0.0,0.0,0.0,0.0,0.0,0.0,0.0,0.0,0.0,0.0,0.0,0.0,,,0.0,,,3,1,River,Sg Tengi,10.89
182,Sungai Tengi,6.0,2021-03-02,53.02,242.04,1.24,0.97,0.14,13.58,0.0,15.17,6.42,3.13,0.0,0.0,,,0.0,0.0,0.0,,,,0.0,0.52,0.0,0.0,0.0,,,,0.0,0.0,0.0,0.0,0.0,0.0,0.0,0.0,0.0,0.0,0.0,0.0,0.0,,,0.0,,,3,1,River,Sg Tengi,21.59
183,Sungai Tengi,5.86,2021-03-03,46.65,241.33,1.64,0.3,0.1,14.6,0.0,14.6,6.62,3.22,0.0,0.0,,,0.0,0.0,0.0,,,,0.0,0.54,0.0,0.0,0.0,,,,0.0,0.0,0.0,0.0,0.0,0.0,0.0,0.0,0.0,0.0,0.0,0.0,0.0,,,0.0,,,3,1,River,Sg Tengi,21.22
184,Sungai Tengi,6.1,2021-03-04,16.18,100.3,1.23,0.22,0.05,9.0,0.0,10.0,5.96,3.1,0.0,0.0,,,0.0,0.0,0.0,,,,0.0,0.52,0.0,0.0,0.0,,,,0.0,0.0,0.0,0.0,0.0,0.0,0.0,0.0,0.0,0.0,0.0,0.0,0.0,,,0.0,,,3,1,River,Sg Tengi,15.96
185,Sungai Tengi,6.17,2021-03-05,19.83,82.33,1.35,0.28,0.05,11.83,0.0,12.0,6.0,3.12,0.0,0.0,,,0.0,0.0,0.0,,,,0.0,0.52,0.0,0.0,0.0,,,,0.0,0.0,0.0,0.0,0.0,0.0,0.0,0.0,0.0,0.0,0.0,0.0,0.0,,,0.0,,,3,1,River,Sg Tengi,18.0
186,Sungai Tengi,6.15,2021-03-06,21.18,90.0,1.35,0.24,0.05,10.0,0.0,9.0,5.94,3.12,0.0,0.0,,,0.0,0.0,0.0,,,,0.0,0.49,0.0,0.0,0.0,,,,0.0,0.0,0.0,0.0,0.0,0.0,0.0,0.0,0.0,0.0,0.0,0.0,0.0,,,0.0,,,3,1,River,Sg Tengi,14.940000000000001
187,Sungai Tengi,6.23,2021-03-07,16.79,79.58,1.42,0.22,0.04,8.5,0.0,8.42,6.26,3.22,0.0,0.0,,,0.0,0.0,0.0,,,,0.0,0.52,0.0,0.0,0.0,,,,0.0,0.0,0.0,0.0,0.0,0.0,0.0,0.0,0.0,0.0,0.0,0.0,0.0,,,0.0,,,3,1,River,Sg Tengi,14.68
188,Sungai Tengi,6.15,2021-03-08,18.54,74.17,1.37,0.44,0.05,9.0,0.0,7.67,6.16,3.08,0.0,0.0,,,0.0,0.0,0.0,,,,0.0,0.5,0.0,0.0,0.0,,,,0.0,0.0,0.0,0.0,0.0,0.0,0.0,0.0,0.0,0.0,0.0,0.0,0.0,,,0.0,,,3,1,River,Sg Tengi,13.83
189,Sungai Tengi,6.1,2021-03-09,23.59,145.58,1.33,0.18,0.08,10.25,0.0,9.67,6.16,3.08,0.0,0.0,,,0.0,0.0,0.0,,,,0.0,0.5,0.0,0.0,0.0,,,,0.0,0.0,0.0,0.0,0.0,0.0,0.0,0.0,0.0,0.0,0.0,0.0,0.0,,,0.0,,,3,1,River,Sg Tengi,15.83
190,Sungai Tengi,6.14,2021-03-10,16.24,111.92,1.64,0.55,0.06,8.92,0.0,7.0,7.52,3.08,0.0,0.0,,,0.0,0.0,0.0,,,,0.0,0.5,0.0,0.0,0.0,,,,0.0,0.0,0.0,0.0,0.0,0.0,0.0,0.0,0.0,0.0,0.0,0.0,0.0,,,0.0,,,3,1,River,Sg Tengi,14.52
191,Sungai Tengi,6.14,2021-03-11,20.8,118.67,1.5,0.31,0.05,9.67,0.0,8.67,8.03,3.26,0.0,0.0,,,0.0,0.0,0.0,,,,0.0,0.52,0.0,0.0,0.0,,,,0.0,0.0,0.0,0.0,0.0,0.0,0.0,0.0,0.0,0.0,0.0,0.0,0.0,,,0.0,,,3,1,River,Sg Tengi,16.7
192,Sungai Tengi,6.13,2021-03-12,32.04,221.05,1.58,0.42,0.06,12.5,0.0,10.75,7.4,3.15,0.0,0.0,,,0.0,0.0,0.0,,,,0.0,0.51,0.0,0.0,0.0,,,,0.0,0.0,0.0,0.0,0.0,0.0,0.0,0.0,0.0,0.0,0.0,0.0,0.0,,,0.0,,,3,1,River,Sg Tengi,18.15
193,Sungai Tengi,6.06,2021-03-13,46.9,193.75,1.43,0.41,0.1,16.0,0.0,18.17,5.34,3.12,0.0,0.0,,,0.0,0.0,0.0,,,,0.0,0.5,0.0,0.0,0.0,,,,0.0,0.0,0.0,0.0,0.0,0.0,0.0,0.0,0.0,0.0,0.0,0.0,0.0,,,0.0,,,3,1,River,Sg Tengi,23.51
194,Sungai Tengi,6.03,2021-03-14,22.85,108.75,1.57,0.2,0.05,10.5,0.0,12.0,5.31,3.12,0.0,0.0,,,0.0,0.0,0.0,,,,0.0,0.5,0.0,0.0,0.0,,,,0.0,0.0,0.0,0.0,0.0,0.0,0.0,0.0,0.0,0.0,0.0,0.0,0.0,,,0.0,,,3,1,River,Sg Tengi,17.31
195,Sungai Tengi,6.09,2021-03-15,32.75,181.38,1.51,0.21,0.08,9.83,0.0,9.5,5.57,3.25,0.0,0.0,,,0.0,0.0,0.0,,,,0.0,0.51,0.0,0.0,0.0,,,,0.0,0.0,0.0,0.0,0.0,0.0,0.0,0.0,0.0,0.0,0.0,0.0,0.0,,,0.0,,,3,1,River,Sg Tengi,15.07
196,Sungai Tengi,5.95,2021-03-16,197.58,451.13,2.14,0.98,0.24,21.58,0.0,18.33,5.85,3.29,0.0,0.0,,,0.0,0.0,0.0,,,,0.0,0.49,0.0,0.0,0.0,,,,0.0,0.0,0.0,0.0,0.0,0.0,0.0,0.0,0.0,0.0,0.0,0.0,0.0,,,0.0,,,3,1,River,Sg Tengi,24.18
197,Sungai Tengi,5.59,2021-03-17,241.88,317.29,1.39,0.8,0.21,28.0,0.0,19.33,7.11,3.29,0.0,0.0,,,0.0,0.0,0.0,,,,0.0,0.51,0.0,0.0,0.0,,,,0.0,0.0,0.0,0.0,0.0,0.0,0.0,0.0,0.0,0.0,0.0,0.0,0.0,,,0.0,,,3,1,River,Sg Tengi,26.439999999999998
198,Sungai Tengi,5.74,2021-03-18,38.42,220.29,1.16,0.29,0.11,13.42,0.0,14.58,7.11,3.68,0.0,0.0,,,0.0,0.0,0.0,,,,0.0,0.5,0.0,0.0,0.0,,,,0.0,0.0,0.0,0.0,0.0,0.0,0.0,0.0,0.0,0.0,0.0,0.0,0.0,,,0.0,,,3,1,River,Sg Tengi,21.69
199,Sungai Tengi,5.81,2021-03-19,95.3,465.79,2.09,0.6,0.27,15.83,0.0,13.17,7.11,4.07,0.0,0.0,,,0.0,0.0,0.0,,,,0.0,0.53,0.0,0.0,0.0,,,,0.0,0.0,0.0,0.0,0.0,0.0,0.0,0.0,0.0,0.0,0.0,0.0,0.0,,,0.0,,,3,1,River,Sg Tengi,20.28
200,Sungai Tengi,5.77,2021-03-20,31.07,180.21,1.26,0.2,0.09,12.58,0.0,11.92,7.09,3.28,0.0,0.0,,,0.0,0.0,0.0,,,,0.0,0.52,0.0,0.0,0.0,,,,0.0,0.0,0.0,0.0,0.0,0.0,0.0,0.0,0.0,0.0,0.0,0.0,0.0,,,0.0,,,3,1,River,Sg Tengi,19.009999999999998
201,Sungai Tengi,6.01,2021-03-21,30.52,145.0,1.41,0.32,0.05,11.33,0.0,11.33,6.26,3.22,0.0,0.0,,,0.0,0.0,0.0,,,,0.0,0.51,0.0,0.0,0.0,,,,0.0,0.0,0.0,0.0,0.0,0.0,0.0,0.0,0.0,0.0,0.0,0.0,0.0,,,0.0,,,3,1,River,Sg Tengi,17.59
202,Sungai Tengi,5.92,2021-03-22,32.66,230.53,1.59,0.49,0.08,12.67,0.0,12.67,8.01,3.39,0.0,0.0,,,0.0,0.0,0.0,,,,0.0,0.5,0.0,0.0,0.0,,,,0.0,0.0,0.0,0.0,0.0,0.0,0.0,0.0,0.0,0.0,0.0,0.0,0.0,,,0.0,,,3,1,River,Sg Tengi,20.68
203,Sungai Tengi,5.96,2021-03-23,25.84,205.24,1.59,0.0,0.08,12.4,0.0,12.4,8.45,3.9,0.0,0.0,,,0.0,0.0,0.0,,,,0.0,0.53,0.0,0.0,0.0,,,,0.0,0.0,0.0,0.0,0.0,0.0,0.0,0.0,0.0,0.0,0.0,0.0,0.0,,,0.0,,,3,1,River,Sg Tengi,20.85
204,Sungai Tengi,6.05,2021-03-24,19.1,160.63,1.65,0.2,0.05,11.0,0.0,11.5,8.15,3.89,0.0,0.0,,,0.0,0.0,0.0,,,,0.0,0.55,0.0,0.0,0.0,,,,0.0,0.0,0.0,0.0,0.0,0.0,0.0,0.0,0.0,0.0,0.0,0.0,0.0,,,0.0,,,3,1,River,Sg Tengi,19.65
205,Sungai Tengi,6.07,2021-03-25,17.74,136.42,1.69,0.28,0.05,9.56,0.0,8.89,6.95,3.6,0.0,0.0,,,0.0,0.0,0.0,,,,0.0,0.49,0.0,0.0,0.0,,,,0.0,0.0,0.0,0.0,0.0,0.0,0.0,0.0,0.0,0.0,0.0,0.0,0.0,,,0.0,,,3,1,River,Sg Tengi,15.84
206,Sungai Tengi,5.99,2021-03-26,84.31,197.88,1.73,0.29,0.15,14.83,0.0,14.33,6.91,3.61,0.0,0.0,,,0.0,0.0,0.0,,,,0.0,0.49,0.0,0.0,0.0,,,,0.0,0.0,0.0,0.0,0.0,0.0,0.0,0.0,0.0,0.0,0.0,0.0,0.0,,,0.0,,,3,1,River,Sg Tengi,21.240000000000002
207,Sungai Tengi,5.94,2021-03-27,38.87,232.67,1.76,0.31,0.11,11.25,0.0,11.58,7.93,3.66,0.0,0.0,,,0.0,0.0,0.0,,,,0.0,0.5,0.0,0.0,0.0,,,,0.0,0.0,0.0,0.0,0.0,0.0,0.0,0.0,0.0,0.0,0.0,0.0,0.0,,,0.0,,,3,1,River,Sg Tengi,19.509999999999998
208,Sungai Tengi,5.75,2021-03-28,189.88,478.08,2.09,1.24,0.36,18.5,0.0,17.67,6.99,3.8,0.0,0.0,,,0.0,0.0,0.0,,,,0.0,0.58,0.0,0.0,0.0,,,,0.0,0.0,0.0,0.0,0.0,0.0,0.0,0.0,0.0,0.0,0.0,0.0,0.0,,,0.0,,,3,1,River,Sg Tengi,24.660000000000004
209,Sungai Tengi,5.32,2021-03-29,54.5,309.21,0.89,0.19,0.14,16.0,0.0,17.0,7.1,3.59,0.0,0.0,,,0.0,0.0,0.0,,,,0.0,0.56,0.0,0.0,0.0,,,,0.0,0.0,0.0,0.0,0.0,0.0,0.0,0.0,0.0,0.0,0.0,0.0,0.0,,,0.0,,,3,1,River,Sg Tengi,24.1
210,Sungai Tengi,5.53,2021-03-30,21.16,117.79,0.81,0.19,0.06,11.17,0.0,16.42,7.49,3.58,0.0,0.0,,,0.0,0.0,0.0,,,,0.0,0.57,0.0,0.0,0.0,,,,0.0,0.0,0.0,0.0,0.0,0.0,0.0,0.0,0.0,0.0,0.0,0.0,0.0,,,0.0,,,3,1,River,Sg Tengi,23.910000000000004
211,Sungai Tengi,5.59,2021-03-31,16.41,82.29,1.08,0.18,0.05,9.3,0.0,15.5,7.3,3.53,0.0,0.0,,,0.0,0.0,0.0,,,,0.0,0.57,0.0,0.0,0.0,,,,0.0,0.0,0.0,0.0,0.0,0.0,0.0,0.0,0.0,0.0,0.0,0.0,0.0,,,0.0,,,3,1,River,Sg Tengi,22.8
212,Sungai Tengi,5.51,2021-05-01,93.69,352.53,1.45,1.16,0.26,15.22,0.0,17.22,3.92,7.04,0.0,0.0,,,0.0,0.0,0.0,,,,0.0,0.54,0.0,0.0,0.0,,,,0.0,0.0,0.0,0.0,0.0,0.0,0.0,0.0,0.0,0.0,0.0,0.0,0.0,,,0.0,,,5,2,River,Sg Tengi,21.14
213,Sungai Tengi,5.34,2021-05-02,32.17,113.29,0.81,0.23,0.07,11.33,0.0,16.0,7.04,3.26,0.0,0.0,,,0.0,0.0,0.0,,,,0.0,0.54,0.0,0.0,0.0,,,,0.0,0.0,0.0,0.0,0.0,0.0,0.0,0.0,0.0,0.0,0.0,0.0,0.0,,,0.0,,,5,2,River,Sg Tengi,23.04
214,Sungai Tengi,5.27,2021-05-03,18.52,142.16,0.69,0.14,0.06,10.0,0.0,15.0,7.04,3.26,0.0,0.0,,,0.0,0.0,0.0,,,,0.0,0.54,0.0,0.0,0.0,,,,0.0,0.0,0.0,0.0,0.0,0.0,0.0,0.0,0.0,0.0,0.0,0.0,0.0,,,0.0,,,5,2,River,Sg Tengi,22.04
215,Sungai Tengi,5.54,2021-05-04,16.58,113.15,0.73,0.15,0.05,10.0,0.0,15.2,7.04,3.26,0.0,0.0,,,0.0,0.0,0.0,,,,0.0,0.54,0.0,0.0,0.0,,,,0.0,0.0,0.0,0.0,0.0,0.0,0.0,0.0,0.0,0.0,0.0,0.0,0.0,,,0.0,,,5,2,River,Sg Tengi,22.24
216,Sungai Tengi,5.48,2021-05-05,15.68,115.85,0.87,0.23,0.02,9.6,0.0,14.8,7.04,3.8,0.0,0.0,,,0.0,0.0,0.0,,,,0.0,0.52,0.0,0.0,0.0,,,,0.0,0.0,0.0,0.0,0.0,0.0,0.0,0.0,0.0,0.0,0.0,0.0,0.0,,,0.0,,,5,2,River,Sg Tengi,21.84
217,Sungai Tengi,5.42,2021-05-06,11.87,100.33,0.6,0.12,0.03,7.83,0.0,13.0,7.78,3.37,0.0,0.0,,,0.0,0.0,0.0,,,,0.0,0.53,0.0,0.0,0.0,,,,0.0,0.0,0.0,0.0,0.0,0.0,0.0,0.0,0.0,0.0,0.0,0.0,0.0,,,0.0,,,5,2,River,Sg Tengi,20.78
218,Sungai Tengi,5.36,2021-05-07,38.72,248.54,1.27,0.35,0.16,14.17,0.0,15.5,7.04,3.26,0.0,0.0,,,0.0,0.0,0.0,,,,0.0,0.52,0.0,0.0,0.0,,,,0.0,0.0,0.0,0.0,0.0,0.0,0.0,0.0,0.0,0.0,0.0,0.0,0.0,,,0.0,,,5,2,River,Sg Tengi,22.54
219,Sungai Tengi,5.29,2021-05-08,33.5,207.65,0.87,0.26,0.06,14.1,0.0,17.8,7.87,3.73,0.0,0.0,,,0.0,0.0,0.0,,,,0.0,0.58,0.0,0.0,0.0,,,,0.0,0.0,0.0,0.0,0.0,0.0,0.0,0.0,0.0,0.0,0.0,0.0,0.0,,,0.0,,,5,2,River,Sg Tengi,25.67
220,Sungai Tengi,5.24,2021-05-09,13.78,71.0,0.74,0.11,0.04,10.0,0.0,16.0,7.82,3.15,0.0,0.0,,,0.0,0.0,0.0,,,,0.0,0.58,0.0,0.0,0.0,,,,0.0,0.0,0.0,0.0,0.0,0.0,0.0,0.0,0.0,0.0,0.0,0.0,0.0,,,0.0,,,5,2,River,Sg Tengi,23.82
221,Sungai Tengi,5.33,2021-05-10,41.71,195.48,0.96,0.88,0.1,12.27,0.0,13.64,7.93,3.77,0.0,0.0,,,0.0,0.0,0.0,,,,0.0,0.58,0.0,0.0,0.0,,,,0.0,0.0,0.0,0.0,0.0,0.0,0.0,0.0,0.0,0.0,0.0,0.0,0.0,,,0.0,,,5,2,River,Sg Tengi,21.57
222,Sungai Tengi,5.34,2021-05-11,13.25,83.75,1.02,0.13,0.04,10.0,0.0,16.0,9.0,3.5,0.0,0.0,,,0.0,0.0,0.0,,,,0.0,0.57,0.0,0.0,0.0,,,,0.0,0.0,0.0,0.0,0.0,0.0,0.0,0.0,0.0,0.0,0.0,0.0,0.0,,,0.0,,,5,2,River,Sg Tengi,25.0
223,Sungai Tengi,5.36,2021-05-12,13.98,49.0,0.69,0.14,0.05,10.0,0.0,15.0,9.0,3.8,0.0,0.0,,,0.0,0.0,0.0,,,,0.0,0.57,0.0,0.0,0.0,,,,0.0,0.0,0.0,0.0,0.0,0.0,0.0,0.0,0.0,0.0,0.0,0.0,0.0,,,0.0,,,5,2,River,Sg Tengi,24.0
224,Sungai Tengi,5.47,2021-05-13,100.55,542.54,1.43,0.55,0.14,19.0,0.0,16.0,8.65,3.76,0.0,0.0,,,0.0,0.0,0.0,,,,0.0,0.6,0.0,0.0,0.0,,,,0.0,0.0,0.0,0.0,0.0,0.0,0.0,0.0,0.0,0.0,0.0,0.0,0.0,,,0.0,,,5,2,River,Sg Tengi,24.65
225,Sungai Tengi,5.25,2021-05-14,34.15,229.21,1.09,0.13,0.09,14.0,0.0,16.58,8.91,3.79,0.0,0.0,,,0.0,0.0,0.0,,,,0.0,0.57,0.0,0.0,0.0,,,,0.0,0.0,0.0,0.0,0.0,0.0,0.0,0.0,0.0,0.0,0.0,0.0,0.0,,,0.0,,,5,2,River,Sg Tengi,25.49
226,Sungai Tengi,5.43,2021-05-15,14.11,96.42,0.73,0.13,0.05,10.0,0.0,13.5,9.0,3.8,0.0,0.0,,,0.0,0.0,0.0,,,,0.0,0.57,0.0,0.0,0.0,,,,0.0,0.0,0.0,0.0,0.0,0.0,0.0,0.0,0.0,0.0,0.0,0.0,0.0,,,0.0,,,5,2,River,Sg Tengi,22.5
227,Sungai Tengi,5.41,2021-05-16,33.58,221.1,1.08,0.14,0.07,13.4,0.0,16.6,9.0,3.8,0.0,0.0,,,0.0,0.0,0.0,,,,0.0,0.57,0.0,0.0,0.0,,,,0.0,0.0,0.0,0.0,0.0,0.0,0.0,0.0,0.0,0.0,0.0,0.0,0.0,,,0.0,,,5,2,River,Sg Tengi,25.6
228,Sungai Tengi,5.37,2021-05-17,21.53,185.46,0.68,0.17,0.07,12.0,0.0,17.0,9.3,3.98,0.0,0.0,,,0.0,0.0,0.0,,,,0.0,0.57,0.0,0.0,0.0,,,,0.0,0.0,0.0,0.0,0.0,0.0,0.0,0.0,0.0,0.0,0.0,0.0,0.0,,,0.0,,,5,2,River,Sg Tengi,26.3
229,Sungai Tengi,5.16,2021-05-18,18.71,131.3,0.61,0.06,0.04,12.0,0.0,16.2,9.0,3.68,0.0,0.0,,,0.0,0.0,0.0,,,,0.0,0.57,0.0,0.0,0.0,,,,0.0,0.0,0.0,0.0,0.0,0.0,0.0,0.0,0.0,0.0,0.0,0.0,0.0,,,0.0,,,5,2,River,Sg Tengi,25.2
230,Sungai Tengi,5.3,2021-05-19,10.81,86.95,0.67,0.07,0.04,8.0,0.0,12.0,9.0,3.8,0.0,0.0,,,0.0,0.0,0.0,,,,0.0,0.57,0.0,0.0,0.0,,,,0.0,0.0,0.0,0.0,0.0,0.0,0.0,0.0,0.0,0.0,0.0,0.0,0.0,,,0.0,,,5,2,River,Sg Tengi,21.0
231,Sungai Tengi,5.49,2021-05-20,10.03,73.65,0.72,0.11,0.04,8.0,0.0,12.0,17.1,3.8,0.0,0.0,,,0.0,0.0,0.0,,,,0.0,0.57,0.0,0.0,0.0,,,,0.0,0.0,0.0,0.0,0.0,0.0,0.0,0.0,0.0,0.0,0.0,0.0,0.0,,,0.0,,,5,2,River,Sg Tengi,29.1
232,Sungai Tengi,5.59,2021-05-21,16.55,124.71,0.81,0.21,0.04,9.75,0.0,12.0,9.0,3.8,0.0,0.0,,,0.0,0.0,0.0,,,,0.0,0.57,0.0,0.0,0.0,,,,0.0,0.0,0.0,0.0,0.0,0.0,0.0,0.0,0.0,0.0,0.0,0.0,0.0,,,0.0,,,5,2,River,Sg Tengi,21.0
233,Sungai Tengi,5.71,2021-05-22,9.31,55.3,0.92,0.11,0.03,6.0,0.0,10.0,7.04,3.8,0.0,0.0,,,0.0,0.0,0.0,,,,0.0,0.51,0.0,0.0,0.0,,,,0.0,0.0,0.0,0.0,0.0,0.0,0.0,0.0,0.0,0.0,0.0,0.0,0.0,,,0.0,,,5,2,River,Sg Tengi,17.04
234,Sungai Tengi,5.65,2021-05-23,8.62,50.76,0.83,0.08,0.02,6.0,0.0,10.0,7.04,3.8,0.0,0.0,,,0.0,0.0,0.0,,,,0.0,0.51,0.0,0.0,0.0,,,,0.0,0.0,0.0,0.0,0.0,0.0,0.0,0.0,0.0,0.0,0.0,0.0,0.0,,,0.0,,,5,2,River,Sg Tengi,17.04
235,Sungai Tengi,5.75,2021-05-24,8.25,55.32,0.96,0.1,0.02,6.0,0.0,10.0,7.04,3.8,0.0,0.0,,,0.0,0.0,0.0,,,,0.0,0.51,0.0,0.0,0.0,,,,0.0,0.0,0.0,0.0,0.0,0.0,0.0,0.0,0.0,0.0,0.0,0.0,0.0,,,0.0,,,5,2,River,Sg Tengi,17.04
236,Sungai Tengi,5.78,2021-05-25,8.76,54.14,0.91,0.14,0.03,6.0,0.0,10.0,7.04,3.8,0.0,0.0,,,0.0,0.0,0.0,,,,0.0,0.51,0.0,0.0,0.0,,,,0.0,0.0,0.0,0.0,0.0,0.0,0.0,0.0,0.0,0.0,0.0,0.0,0.0,,,0.0,,,5,2,River,Sg Tengi,17.04
237,Sungai Tengi,5.69,2021-05-26,81.92,351.89,0.98,0.48,0.04,12.67,0.0,12.89,5.86,3.8,0.0,0.0,,,0.0,0.0,0.0,,,,0.0,0.51,0.0,0.0,0.0,,,,0.0,0.0,0.0,0.0,0.0,0.0,0.0,0.0,0.0,0.0,0.0,0.0,0.0,,,0.0,,,5,2,River,Sg Tengi,18.75
238,Sungai Tengi,5.49,2021-05-27,102.33,458.78,1.21,0.37,0.09,19.44,0.0,18.78,7.17,3.8,0.0,0.0,,,0.0,0.0,0.0,,,,0.0,0.51,0.0,0.0,0.0,,,,0.0,0.0,0.0,0.0,0.0,0.0,0.0,0.0,0.0,0.0,0.0,0.0,0.0,,,0.0,,,5,2,River,Sg Tengi,25.950000000000003
239,Sungai Tengi,5.35,2021-05-28,19.44,113.95,0.75,0.14,0.04,11.2,0.0,15.0,5.86,3.8,0.0,0.0,,,0.0,0.0,0.0,,,,0.0,0.51,0.0,0.0,0.0,,,,0.0,0.0,0.0,0.0,0.0,0.0,0.0,0.0,0.0,0.0,0.0,0.0,0.0,,,0.0,,,5,2,River,Sg Tengi,20.86
240,Sungai Tengi,5.49,2021-05-29,14.22,74.17,0.76,0.14,0.05,8.0,0.0,14.0,5.86,3.26,0.0,0.0,,,0.0,0.0,0.0,,,,0.0,0.51,0.0,0.0,0.0,,,,0.0,0.0,0.0,0.0,0.0,0.0,0.0,0.0,0.0,0.0,0.0,0.0,0.0,,,0.0,,,5,2,River,Sg Tengi,19.86
241,Sungai Tengi,5.56,2021-05-30,10.41,80.0,0.68,0.06,0.03,6.0,0.0,8.5,7.04,3.8,0.0,0.0,,,0.0,0.0,0.0,,,,0.0,0.55,0.0,0.0,0.0,,,,0.0,0.0,0.0,0.0,0.0,0.0,0.0,0.0,0.0,0.0,0.0,0.0,0.0,,,0.0,,,5,2,River,Sg Tengi,15.54
242,Sungai Tengi,5.71,2021-05-31,9.55,74.67,0.73,0.2,0.03,6.0,0.0,8.0,7.04,3.8,0.0,0.0,,,0.0,0.0,0.0,,,,0.0,0.55,0.0,0.0,0.0,,,,0.0,0.0,0.0,0.0,0.0,0.0,0.0,0.0,0.0,0.0,0.0,0.0,0.0,,,0.0,,,5,2,River,Sg Tengi,15.04
243,Sungai Tengi,5.8,2021-11-01,41.81,282.5,1.0,0.57,0.11,12.6,0.0,15.0,10.0,3.33,0.0,0.0,,,0.0,0.0,0.0,,,,0.0,0.56,0.0,0.0,0.0,,,,0.0,0.0,0.0,0.0,0.0,0.0,0.0,0.0,0.0,0.0,0.0,0.0,0.0,,,0.0,,,11,4,River,Sg Tengi,25.0
244,Sungai Tengi,5.75,2021-11-02,17.14,134.0,0.95,0.14,0.05,14.0,0.0,16.0,10.0,3.33,0.0,0.0,,,0.0,0.0,0.0,,,,0.0,0.56,0.0,0.0,0.0,,,,0.0,0.0,0.0,0.0,0.0,0.0,0.0,0.0,0.0,0.0,0.0,0.0,0.0,,,0.0,,,11,4,River,Sg Tengi,26.0
245,Sungai Tengi,5.82,2021-11-03,9.65,53.0,0.84,0.28,0.04,8.0,0.0,10.0,10.0,3.33,0.0,0.0,,,0.0,0.0,0.0,,,,0.0,0.49,0.0,0.0,0.0,,,,0.0,0.0,0.0,0.0,0.0,0.0,0.0,0.0,0.0,0.0,0.0,0.0,0.0,,,0.0,,,11,4,River,Sg Tengi,20.0
246,Sungai Tengi,5.6,2021-11-04,50.94,231.29,1.08,0.41,0.11,13.67,0.0,14.17,10.0,3.33,0.0,0.0,,,0.0,0.0,0.0,,,,0.0,0.45,0.0,0.0,0.0,,,,0.0,0.0,0.0,0.0,0.0,0.0,0.0,0.0,0.0,0.0,0.0,0.0,0.0,,,0.0,,,11,4,River,Sg Tengi,24.17
247,Sungai Tengi,5.63,2021-11-05,21.49,176.5,0.97,0.19,0.05,15.4,0.0,16.0,10.0,3.33,0.0,0.0,,,0.0,0.0,0.0,,,,0.0,0.46,0.0,0.0,0.0,,,,0.0,0.0,0.0,0.0,0.0,0.0,0.0,0.0,0.0,0.0,0.0,0.0,0.0,,,0.0,,,11,4,River,Sg Tengi,26.0
248,Sungai Tengi,5.78,2021-11-06,14.13,88.33,0.58,0.21,0.05,14.0,0.0,15.0,10.0,3.33,0.0,0.0,,,0.0,0.0,0.0,,,,0.0,0.49,0.0,0.0,0.0,,,,0.0,0.0,0.0,0.0,0.0,0.0,0.0,0.0,0.0,0.0,0.0,0.0,0.0,,,0.0,,,11,4,River,Sg Tengi,25.0
249,Sungai Tengi,5.66,2021-11-07,11.35,78.29,0.57,0.2,0.04,11.7,0.0,14.0,10.0,3.33,0.0,0.0,,,0.0,0.0,0.0,,,,0.0,0.49,0.0,0.0,0.0,,,,0.0,0.0,0.0,0.0,0.0,0.0,0.0,0.0,0.0,0.0,0.0,0.0,0.0,,,0.0,,,11,4,River,Sg Tengi,24.0
250,Sungai Tengi,5.83,2021-11-08,12.53,91.96,0.85,0.16,0.06,7.0,0.0,10.0,8.0,3.33,0.0,0.0,,,0.0,0.0,0.0,,,,0.0,0.52,0.0,0.0,0.0,,,,0.0,0.0,0.0,0.0,0.0,0.0,0.0,0.0,0.0,0.0,0.0,0.0,0.0,,,0.0,,,11,4,River,Sg Tengi,18.0
251,Sungai Tengi,5.71,2021-11-09,11.25,88.63,0.69,0.14,0.04,7.0,0.0,10.0,8.0,3.33,0.0,0.0,,,0.0,0.0,0.0,,,,0.0,0.52,0.0,0.0,0.0,,,,0.0,0.0,0.0,0.0,0.0,0.0,0.0,0.0,0.0,0.0,0.0,0.0,0.0,,,0.0,,,11,4,River,Sg Tengi,18.0
252,Sungai Tengi,5.96,2021-11-10,9.98,82.4,0.66,0.14,0.04,7.0,0.0,10.0,8.0,3.33,0.0,0.0,,,0.0,0.0,0.0,,,,0.0,0.52,0.0,0.0,0.0,,,,0.0,0.0,0.0,0.0,0.0,0.0,0.0,0.0,0.0,0.0,0.0,0.0,0.0,,,0.0,,,11,4,River,Sg Tengi,18.0
253,Sungai Tengi,6.01,2021-11-11,11.72,87.12,0.81,0.18,0.06,7.0,0.0,10.0,8.0,3.33,0.0,0.0,,,0.0,0.0,0.0,,,,0.0,0.52,0.0,0.0,0.0,,,,0.0,0.0,0.0,0.0,0.0,0.0,0.0,0.0,0.0,0.0,0.0,0.0,0.0,,,0.0,,,11,4,River,Sg Tengi,18.0
254,Sungai Tengi,5.84,2021-11-12,11.51,82.5,0.99,0.19,0.03,8.0,0.0,11.0,8.0,3.33,0.0,0.0,,,0.0,0.0,0.0,,,,0.0,0.52,0.0,0.0,0.0,,,,0.0,0.0,0.0,0.0,0.0,0.0,0.0,0.0,0.0,0.0,0.0,0.0,0.0,,,0.0,,,11,4,River,Sg Tengi,19.0
255,Sungai Tengi,6.05,2021-11-13,9.93,86.32,0.91,0.09,0.03,6.0,0.0,8.0,8.0,3.33,0.0,0.0,,,0.0,0.0,0.0,,,,0.0,0.52,0.0,0.0,0.0,,,,0.0,0.0,0.0,0.0,0.0,0.0,0.0,0.0,0.0,0.0,0.0,0.0,0.0,,,0.0,,,11,4,River,Sg Tengi,16.0
256,Sungai Tengi,6.17,2021-11-14,10.4,92.5,0.94,0.14,0.02,6.5,0.0,9.33,8.76,3.22,0.0,0.0,,,0.0,0.0,0.0,,,,0.0,0.54,0.0,0.0,0.0,,,,0.0,0.0,0.0,0.0,0.0,0.0,0.0,0.0,0.0,0.0,0.0,0.0,0.0,,,0.0,,,11,4,River,Sg Tengi,18.09
257,Sungai Tengi,6.02,2021-11-15,8.18,70.0,0.89,0.15,0.03,6.0,0.0,8.0,8.0,3.33,0.0,0.0,,,0.0,0.0,0.0,,,,0.0,0.52,0.0,0.0,0.0,,,,0.0,0.0,0.0,0.0,0.0,0.0,0.0,0.0,0.0,0.0,0.0,0.0,0.0,,,0.0,,,11,4,River,Sg Tengi,16.0
258,Sungai Tengi,5.97,2021-11-16,9.36,85.0,0.92,0.2,0.03,6.0,0.0,8.0,8.0,3.33,0.0,0.0,,,0.0,0.0,0.0,,,,0.0,0.52,0.0,0.0,0.0,,,,0.0,0.0,0.0,0.0,0.0,0.0,0.0,0.0,0.0,0.0,0.0,0.0,0.0,,,0.0,,,11,4,River,Sg Tengi,16.0
259,Sungai Tengi,6.15,2021-11-17,9.51,86.84,0.93,0.15,0.04,6.0,0.0,8.0,7.6,3.33,0.0,0.0,,,0.0,0.0,0.0,,,,0.0,0.52,0.0,0.0,0.0,,,,0.0,0.0,0.0,0.0,0.0,0.0,0.0,0.0,0.0,0.0,0.0,0.0,0.0,,,0.0,,,11,4,River,Sg Tengi,15.6
260,Sungai Tengi,5.97,2021-11-18,9.1,90.0,0.87,0.15,0.02,6.0,0.0,8.0,7.6,3.33,0.0,0.0,,,0.0,0.0,0.0,,,,0.0,0.52,0.0,0.0,0.0,,,,0.0,0.0,0.0,0.0,0.0,0.0,0.0,0.0,0.0,0.0,0.0,0.0,0.0,,,0.0,,,11,4,River,Sg Tengi,15.6
261,Sungai Tengi,6.14,2021-11-19,7.52,80.83,0.9,0.15,0.01,6.0,0.0,8.0,7.6,3.33,0.0,0.0,,,0.0,0.0,0.0,,,,0.0,0.52,0.0,0.0,0.0,,,,0.0,0.0,0.0,0.0,0.0,0.0,0.0,0.0,0.0,0.0,0.0,0.0,0.0,,,0.0,,,11,4,River,Sg Tengi,15.6
262,Sungai Tengi,5.92,2021-11-20,201.23,507.88,0.76,0.0,0.04,12.5,0.0,11.0,7.2,3.33,0.0,0.0,,,0.0,0.0,0.0,,,,0.0,0.52,0.0,0.0,0.0,,,,0.0,0.0,0.0,0.0,0.0,0.0,0.0,0.0,0.0,0.0,0.0,0.0,0.0,,,0.0,,,11,4,River,Sg Tengi,18.2
263,Sungai Tengi,5.58,2021-11-21,18.23,100.0,0.86,0.28,0.05,10.0,0.0,13.0,7.6,3.33,0.0,0.0,,,0.0,0.0,0.0,,,,0.0,0.52,0.0,0.0,0.0,,,,0.0,0.0,0.0,0.0,0.0,0.0,0.0,0.0,0.0,0.0,0.0,0.0,0.0,,,0.0,,,11,4,River,Sg Tengi,20.6
264,Sungai Tengi,5.71,2021-11-22,50.4,257.75,1.57,0.41,0.19,14.17,0.0,14.0,7.6,3.33,0.0,0.0,,,0.0,0.0,0.0,,,,0.0,0.52,0.0,0.0,0.0,,,,0.0,0.0,0.0,0.0,0.0,0.0,0.0,0.0,0.0,0.0,0.0,0.0,0.0,,,0.0,,,11,4,River,Sg Tengi,21.6
265,Sungai Tengi,5.39,2021-11-23,26.15,175.75,0.51,0.1,0.08,13.0,0.0,16.0,7.6,3.33,0.0,0.0,,,0.0,0.0,0.0,,,,0.0,0.52,0.0,0.0,0.0,,,,0.0,0.0,0.0,0.0,0.0,0.0,0.0,0.0,0.0,0.0,0.0,0.0,0.0,,,0.0,,,11,4,River,Sg Tengi,23.6
266,Sungai Tengi,5.65,2021-11-24,14.21,95.54,0.57,0.11,0.06,10.0,0.0,14.0,7.6,3.33,0.0,0.0,,,0.0,0.0,0.0,,,,0.0,0.52,0.0,0.0,0.0,,,,0.0,0.0,0.0,0.0,0.0,0.0,0.0,0.0,0.0,0.0,0.0,0.0,0.0,,,0.0,,,11,4,River,Sg Tengi,21.6
267,Sungai Tengi,5.72,2021-11-25,15.02,80.54,0.76,0.2,0.05,10.0,0.0,13.58,7.6,3.33,0.0,0.0,,,0.0,0.0,0.0,,,,0.0,0.52,0.0,0.0,0.0,,,,0.0,0.0,0.0,0.0,0.0,0.0,0.0,0.0,0.0,0.0,0.0,0.0,0.0,,,0.0,,,11,4,River,Sg Tengi,21.18
268,Sungai Tengi,5.6,2021-11-26,10.84,92.83,0.88,0.16,0.03,8.5,0.0,12.0,7.36,3.97,0.0,0.0,,,0.0,0.0,0.0,,,,0.0,0.54,0.0,0.0,0.0,,,,0.0,0.0,0.0,0.0,0.0,0.0,0.0,0.0,0.0,0.0,0.0,0.0,0.0,,,0.0,,,11,4,River,Sg Tengi,19.36
269,Sungai Tengi,5.74,2021-11-27,24.04,122.5,0.99,0.17,0.04,11.17,0.0,14.5,7.39,3.98,0.0,0.0,,,0.0,0.0,0.0,,,,0.0,0.54,0.0,0.0,0.0,,,,0.0,0.0,0.0,0.0,0.0,0.0,0.0,0.0,0.0,0.0,0.0,0.0,0.0,,,0.0,,,11,4,River,Sg Tengi,21.89
270,Sungai Tengi,7.6,2021-11-28,13.88,134.0,0.9,0.14,0.03,8.2,0.0,10.8,7.36,3.97,0.0,0.0,,,0.0,0.0,0.0,,,,0.0,0.54,0.0,0.0,0.0,,,,0.0,0.0,0.0,0.0,0.0,0.0,0.0,0.0,0.0,0.0,0.0,0.0,0.0,,,0.0,,,11,4,River,Sg Tengi,18.16
271,Sungai Tengi,6.16,2021-11-29,12.35,97.0,0.89,0.17,0.02,7.1,0.0,10.0,7.36,3.97,0.0,0.0,,,0.0,0.0,0.0,,,,0.0,0.54,0.0,0.0,0.0,,,,0.0,0.0,0.0,0.0,0.0,0.0,0.0,0.0,0.0,0.0,0.0,0.0,0.0,,,0.0,,,11,4,River,Sg Tengi,17.36
272,Sungai Tengi,5.8,2021-11-30,9.98,91.67,0.87,0.12,0.03,7.0,0.0,10.0,7.36,3.97,0.0,0.0,,,0.0,0.0,0.0,,,,0.0,0.52,0.0,0.0,0.0,,,,0.0,0.0,0.0,0.0,0.0,0.0,0.0,0.0,0.0,0.0,0.0,0.0,0.0,,,0.0,,,11,4,River,Sg Tengi,17.36
273,Sungai Tengi,5.53,2021-10-01,9.91,67.0,0.69,0.12,0.09,6.0,0.0,9.0,7.65,3.19,0.0,0.0,,,0.0,0.0,0.0,,,,0.0,0.5,0.0,0.0,0.0,,,,0.0,0.0,0.0,0.0,0.0,0.0,0.0,0.0,0.0,0.0,0.0,0.0,0.0,,,0.0,,,10,4,River,Sg Tengi,16.65
274,Sungai Tengi,5.62,2021-10-02,10.66,70.0,0.73,0.11,0.03,6.0,0.0,9.0,7.65,3.19,0.0,0.0,,,0.0,0.0,0.0,,,,0.0,0.5,0.0,0.0,0.0,,,,0.0,0.0,0.0,0.0,0.0,0.0,0.0,0.0,0.0,0.0,0.0,0.0,0.0,,,0.0,,,10,4,River,Sg Tengi,16.65
275,Sungai Tengi,5.66,2021-10-03,8.19,75.47,0.76,0.15,0.03,5.0,0.0,9.0,8.8,3.19,0.0,0.0,,,0.0,0.0,0.0,,,,0.0,0.5,0.0,0.0,0.0,,,,0.0,0.0,0.0,0.0,0.0,0.0,0.0,0.0,0.0,0.0,0.0,0.0,0.0,,,0.0,,,10,4,River,Sg Tengi,17.8
276,Sungai Tengi,5.67,2021-10-04,44.26,209.46,1.28,0.38,0.2,11.67,0.0,13.33,8.77,3.66,0.0,0.0,,,0.0,0.0,0.0,,,,0.0,0.5,0.0,0.0,0.0,,,,0.0,0.0,0.0,0.0,0.0,0.0,0.0,0.0,0.0,0.0,0.0,0.0,0.0,,,0.0,,,10,4,River,Sg Tengi,22.1
277,Sungai Tengi,5.65,2021-10-05,14.6,147.26,0.95,0.15,0.05,12.0,0.0,16.0,9.39,3.35,0.0,0.0,,,0.0,0.0,0.0,,,,0.0,0.5,0.0,0.0,0.0,,,,0.0,0.0,0.0,0.0,0.0,0.0,0.0,0.0,0.0,0.0,0.0,0.0,0.0,,,0.0,,,10,4,River,Sg Tengi,25.39
278,Sungai Tengi,5.55,2021-10-06,11.07,79.41,0.85,0.2,0.04,6.0,0.0,9.0,10.0,3.33,0.0,0.0,,,0.0,0.0,0.0,,,,0.0,0.52,0.0,0.0,0.0,,,,0.0,0.0,0.0,0.0,0.0,0.0,0.0,0.0,0.0,0.0,0.0,0.0,0.0,,,0.0,,,10,4,River,Sg Tengi,19.0
279,Sungai Tengi,5.51,2021-10-07,9.16,88.24,0.83,0.13,0.05,6.0,0.0,9.0,10.0,3.33,0.0,0.0,,,0.0,0.0,0.0,,,,0.0,0.52,0.0,0.0,0.0,,,,0.0,0.0,0.0,0.0,0.0,0.0,0.0,0.0,0.0,0.0,0.0,0.0,0.0,,,0.0,,,10,4,River,Sg Tengi,19.0
280,Sungai Tengi,5.56,2021-10-08,8.07,93.2,0.89,0.15,0.03,6.0,0.0,9.0,10.0,3.33,0.0,0.0,,,0.0,0.0,0.0,,,,0.0,0.52,0.0,0.0,0.0,,,,0.0,0.0,0.0,0.0,0.0,0.0,0.0,0.0,0.0,0.0,0.0,0.0,0.0,,,0.0,,,10,4,River,Sg Tengi,19.0
281,Sungai Tengi,5.77,2021-10-09,8.74,91.25,0.74,0.13,0.03,6.0,0.0,9.0,10.0,3.33,0.0,0.0,,,0.0,0.0,0.0,,,,0.0,0.52,0.0,0.0,0.0,,,,0.0,0.0,0.0,0.0,0.0,0.0,0.0,0.0,0.0,0.0,0.0,0.0,0.0,,,0.0,,,10,4,River,Sg Tengi,19.0
282,Sungai Tengi,5.71,2021-10-10,8.67,80.0,0.88,0.12,0.02,6.0,0.0,9.0,10.0,3.33,0.0,0.0,,,0.0,0.0,0.0,,,,0.0,0.52,0.0,0.0,0.0,,,,0.0,0.0,0.0,0.0,0.0,0.0,0.0,0.0,0.0,0.0,0.0,0.0,0.0,,,0.0,,,10,4,River,Sg Tengi,19.0
283,Sungai Tengi,5.87,2021-10-11,10.88,70.1,0.9,0.15,0.06,7.55,0.0,9.82,10.0,3.33,0.0,0.0,,,0.0,0.0,0.0,,,,0.0,0.52,0.0,0.0,0.0,,,,0.0,0.0,0.0,0.0,0.0,0.0,0.0,0.0,0.0,0.0,0.0,0.0,0.0,,,0.0,,,10,4,River,Sg Tengi,19.82
284,Sungai Tengi,5.88,2021-10-12,11.13,73.89,0.79,0.13,0.06,6.0,0.0,9.0,10.0,3.33,0.0,0.0,,,0.0,0.0,0.0,,,,0.0,0.52,0.0,0.0,0.0,,,,0.0,0.0,0.0,0.0,0.0,0.0,0.0,0.0,0.0,0.0,0.0,0.0,0.0,,,0.0,,,10,4,River,Sg Tengi,19.0
285,Sungai Tengi,5.74,2021-10-13,8.47,60.1,0.8,0.12,0.04,6.0,0.0,9.0,10.0,3.33,0.0,0.0,,,0.0,0.0,0.0,,,,0.0,0.52,0.0,0.0,0.0,,,,0.0,0.0,0.0,0.0,0.0,0.0,0.0,0.0,0.0,0.0,0.0,0.0,0.0,,,0.0,,,10,4,River,Sg Tengi,19.0
286,Sungai Tengi,5.73,2021-10-14,8.03,60.53,0.81,0.14,0.02,6.0,0.0,9.0,10.0,4.44,0.0,0.0,,,0.0,0.0,0.0,,,,0.0,0.52,0.0,0.0,0.0,,,,0.0,0.0,0.0,0.0,0.0,0.0,0.0,0.0,0.0,0.0,0.0,0.0,0.0,,,0.0,,,10,4,River,Sg Tengi,19.0
287,Sungai Tengi,5.86,2021-10-15,9.72,68.3,1.06,0.11,0.05,6.0,0.0,9.0,10.0,4.44,0.0,0.0,,,0.0,0.0,0.0,,,,0.0,0.52,0.0,0.0,0.0,,,,0.0,0.0,0.0,0.0,0.0,0.0,0.0,0.0,0.0,0.0,0.0,0.0,0.0,,,0.0,,,10,4,River,Sg Tengi,19.0
288,Sungai Tengi,6.15,2021-10-16,7.67,82.38,0.82,0.14,0.03,6.0,0.0,9.0,10.0,3.33,0.0,0.0,,,0.0,0.0,0.0,,,,0.0,0.52,0.0,0.0,0.0,,,,0.0,0.0,0.0,0.0,0.0,0.0,0.0,0.0,0.0,0.0,0.0,0.0,0.0,,,0.0,,,10,4,River,Sg Tengi,19.0
289,Sungai Tengi,5.96,2021-10-17,226.57,719.0,1.66,1.83,0.31,16.2,0.0,15.0,10.0,3.33,0.0,0.0,,,0.0,0.0,0.0,,,,0.0,0.52,0.0,0.0,0.0,,,,0.0,0.0,0.0,0.0,0.0,0.0,0.0,0.0,0.0,0.0,0.0,0.0,0.0,,,0.0,,,10,4,River,Sg Tengi,25.0
290,Sungai Tengi,5.41,2021-10-18,32.29,192.0,0.74,0.34,0.08,15.0,0.0,17.9,9.0,3.33,0.0,0.0,,,0.0,0.0,0.0,,,,0.0,0.52,0.0,0.0,0.0,,,,0.0,0.0,0.0,0.0,0.0,0.0,0.0,0.0,0.0,0.0,0.0,0.0,0.0,,,0.0,,,10,4,River,Sg Tengi,26.9
291,Sungai Tengi,5.75,2021-10-19,176.32,799.21,1.14,1.56,0.04,21.25,0.0,21.0,9.5,3.43,0.0,0.0,,,0.0,0.0,0.0,,,,0.0,0.6,0.0,0.0,0.0,,,,0.0,0.0,0.0,0.0,0.0,0.0,0.0,0.0,0.0,0.0,0.0,0.0,0.0,,,0.0,,,10,4,River,Sg Tengi,30.5
292,Sungai Tengi,5.21,2021-10-20,107.12,567.67,0.89,0.39,0.2,20.22,0.0,19.33,3.88,9.0,0.0,0.0,,,0.0,0.0,0.0,,,,0.0,0.52,0.0,0.0,0.0,,,,0.0,0.0,0.0,0.0,0.0,0.0,0.0,0.0,0.0,0.0,0.0,0.0,0.0,,,0.0,,,10,4,River,Sg Tengi,23.209999999999997
293,Sungai Tengi,4.89,2021-10-21,38.7,458.33,0.42,0.26,0.13,16.22,0.0,18.89,9.0,3.88,0.0,0.0,,,0.0,0.0,0.0,,,,0.0,0.52,0.0,0.0,0.0,,,,0.0,0.0,0.0,0.0,0.0,0.0,0.0,0.0,0.0,0.0,0.0,0.0,0.0,,,0.0,,,10,4,River,Sg Tengi,27.89
294,Sungai Tengi,4.97,2021-10-22,20.89,114.74,0.48,0.3,0.08,12.0,0.0,18.22,9.47,3.16,0.0,0.0,,,0.0,0.0,0.0,,,,0.0,0.54,0.0,0.0,0.0,,,,0.0,0.0,0.0,0.0,0.0,0.0,0.0,0.0,0.0,0.0,0.0,0.0,0.0,,,0.0,,,10,4,River,Sg Tengi,27.689999999999998
295,Sungai Tengi,5.0,2021-10-23,33.36,245.29,0.71,0.27,0.11,13.88,0.0,20.0,9.47,3.16,0.0,0.0,,,0.0,0.0,0.0,,,,0.0,0.54,0.0,0.0,0.0,,,,0.0,0.0,0.0,0.0,0.0,0.0,0.0,0.0,0.0,0.0,0.0,0.0,0.0,,,0.0,,,10,4,River,Sg Tengi,29.47
296,Sungai Tengi,5.42,2021-10-24,43.34,340.4,0.73,0.16,0.05,12.8,0.0,18.8,9.68,3.23,0.0,0.0,,,0.0,0.0,0.0,,,,0.0,0.55,0.0,0.0,0.0,,,,0.0,0.0,0.0,0.0,0.0,0.0,0.0,0.0,0.0,0.0,0.0,0.0,0.0,,,0.0,,,10,4,River,Sg Tengi,28.48
297,Sungai Tengi,5.25,2021-10-25,22.91,115.47,0.75,0.11,0.07,13.1,0.0,15.9,9.47,3.16,0.0,0.0,,,0.0,0.0,0.0,,,,0.0,0.54,0.0,0.0,0.0,,,,0.0,0.0,0.0,0.0,0.0,0.0,0.0,0.0,0.0,0.0,0.0,0.0,0.0,,,0.0,,,10,4,River,Sg Tengi,25.37
298,Sungai Tengi,5.44,2021-10-26,14.88,104.58,0.63,0.16,0.06,11.0,0.0,15.0,9.47,3.16,0.0,0.0,,,0.0,0.0,0.0,,,,0.0,0.54,0.0,0.0,0.0,,,,0.0,0.0,0.0,0.0,0.0,0.0,0.0,0.0,0.0,0.0,0.0,0.0,0.0,,,0.0,,,10,4,River,Sg Tengi,24.47
299,Sungai Tengi,5.57,2021-10-27,13.89,94.06,0.87,0.12,0.05,10.0,0.0,14.0,10.0,3.33,0.0,0.0,,,0.0,0.0,0.0,,,,0.0,0.56,0.0,0.0,0.0,,,,0.0,0.0,0.0,0.0,0.0,0.0,0.0,0.0,0.0,0.0,0.0,0.0,0.0,,,0.0,,,10,4,River,Sg Tengi,24.0
300,Sungai Tengi,5.62,2021-10-28,12.39,75.67,0.85,0.08,0.07,10.0,0.0,14.0,10.0,3.33,0.0,0.0,,,0.0,0.0,0.0,,,,0.0,0.56,0.0,0.0,0.0,,,,0.0,0.0,0.0,0.0,0.0,0.0,0.0,0.0,0.0,0.0,0.0,0.0,0.0,,,0.0,,,10,4,River,Sg Tengi,24.0
301,Sungai Tengi,5.7,2021-10-29,126.42,331.75,0.76,0.11,0.05,14.4,0.0,15.2,10.0,3.33,0.0,0.0,,,0.0,0.0,0.0,,,,0.0,0.56,0.0,0.0,0.0,,,,0.0,0.0,0.0,0.0,0.0,0.0,0.0,0.0,0.0,0.0,0.0,0.0,0.0,,,0.0,,,10,4,River,Sg Tengi,25.2
302,Sungai Tengi,5.9,2021-10-30,16.84,117.42,0.74,0.1,0.04,10.0,0.0,12.0,10.0,3.33,0.0,0.0,,,0.0,0.0,0.0,,,,0.0,0.56,0.0,0.0,0.0,,,,0.0,0.0,0.0,0.0,0.0,0.0,0.0,0.0,0.0,0.0,0.0,0.0,0.0,,,0.0,,,10,4,River,Sg Tengi,22.0
303,Sungai Tengi,5.68,2021-10-31,12.97,78.33,0.81,0.26,0.02,8.0,0.0,10.0,10.0,3.33,0.0,0.0,,,0.0,0.0,0.0,,,,0.0,0.56,0.0,0.0,0.0,,,,0.0,0.0,0.0,0.0,0.0,0.0,0.0,0.0,0.0,0.0,0.0,0.0,0.0,,,0.0,,,10,4,River,Sg Tengi,20.0
304,Sungai Tengi,4.87,2021-09-01,12.68,77.74,0.73,0.07,0.06,8.44,0.0,11.0,8.0,3.33,0.0,0.0,,,0.0,0.0,0.0,,,,0.0,0.56,0.0,0.0,0.0,,,,0.0,0.0,0.0,0.0,0.0,0.0,0.0,0.0,0.0,0.0,0.0,0.0,0.0,,,0.0,,,9,3,River,Sg Tengi,19.0
305,Sungai Tengi,4.82,2021-09-02,6.18,39.94,0.6,0.06,0.07,7.0,0.0,14.0,8.0,3.33,0.0,0.0,,,0.0,0.0,0.0,,,,0.0,0.56,0.0,0.0,0.0,,,,0.0,0.0,0.0,0.0,0.0,0.0,0.0,0.0,0.0,0.0,0.0,0.0,0.0,,,0.0,,,9,3,River,Sg Tengi,22.0
306,Sungai Tengi,5.08,2021-09-03,12.47,64.44,0.5,0.09,0.07,8.44,0.0,14.0,8.0,3.33,0.0,0.0,,,0.0,0.0,0.0,,,,0.0,0.56,0.0,0.0,0.0,,,,0.0,0.0,0.0,0.0,0.0,0.0,0.0,0.0,0.0,0.0,0.0,0.0,0.0,,,0.0,,,9,3,River,Sg Tengi,22.0
307,Sungai Tengi,5.05,2021-09-04,10.45,53.68,0.55,0.03,0.05,5.0,0.0,8.0,8.0,3.33,0.0,0.0,,,0.0,0.0,0.0,,,,0.0,0.56,0.0,0.0,0.0,,,,0.0,0.0,0.0,0.0,0.0,0.0,0.0,0.0,0.0,0.0,0.0,0.0,0.0,,,0.0,,,9,3,River,Sg Tengi,16.0
308,Sungai Tengi,5.4,2021-09-05,5.36,43.0,0.43,0.11,0.03,7.0,0.0,9.0,8.0,3.33,0.0,0.0,,,0.0,0.0,0.0,,,,0.0,0.56,0.0,0.0,0.0,,,,0.0,0.0,0.0,0.0,0.0,0.0,0.0,0.0,0.0,0.0,0.0,0.0,0.0,,,0.0,,,9,3,River,Sg Tengi,17.0
309,Sungai Tengi,5.38,2021-09-06,14.47,118.35,1.07,0.2,0.05,7.89,0.0,9.0,8.8,3.33,0.0,0.0,,,0.0,0.0,0.0,,,,0.0,0.56,0.0,0.0,0.0,,,,0.0,0.0,0.0,0.0,0.0,0.0,0.0,0.0,0.0,0.0,0.0,0.0,0.0,,,0.0,,,9,3,River,Sg Tengi,17.8
310,Sungai Tengi,5.27,2021-09-07,11.53,111.44,0.82,0.06,0.06,8.5,0.0,11.25,9.5,3.88,0.0,0.0,,,0.0,0.0,0.0,,,,0.0,0.56,0.0,0.0,0.0,,,,0.0,0.0,0.0,0.0,0.0,0.0,0.0,0.0,0.0,0.0,0.0,0.0,0.0,,,0.0,,,9,3,River,Sg Tengi,20.75
311,Sungai Tengi,5.34,2021-09-08,56.53,287.95,1.23,0.29,0.07,13.6,0.0,15.2,10.0,3.88,0.0,0.0,,,0.0,0.0,0.0,,,,0.0,0.55,0.0,0.0,0.0,,,,0.0,0.0,0.0,0.0,0.0,0.0,0.0,0.0,0.0,0.0,0.0,0.0,0.0,,,0.0,,,9,3,River,Sg Tengi,25.2
312,Sungai Tengi,5.61,2021-09-09,22.33,164.88,1.1,0.23,0.06,11.56,0.0,14.0,10.0,3.88,0.0,0.0,,,0.0,0.0,0.0,,,,0.0,0.5,0.0,0.0,0.0,,,,0.0,0.0,0.0,0.0,0.0,0.0,0.0,0.0,0.0,0.0,0.0,0.0,0.0,,,0.0,,,9,3,River,Sg Tengi,24.0
313,Sungai Tengi,5.88,2021-09-10,16.08,116.84,1.11,0.23,0.06,8.0,0.0,12.67,7.6,3.33,0.0,0.0,,,0.0,0.0,0.0,,,,0.0,0.5,0.0,0.0,0.0,,,,0.0,0.0,0.0,0.0,0.0,0.0,0.0,0.0,0.0,0.0,0.0,0.0,0.0,,,0.0,,,9,3,River,Sg Tengi,20.27
314,Sungai Tengi,5.67,2021-09-11,14.82,80.85,0.93,0.4,0.02,8.0,0.0,10.0,6.8,3.33,0.0,0.0,,,0.0,0.0,0.0,,,,0.0,0.5,0.0,0.0,0.0,,,,0.0,0.0,0.0,0.0,0.0,0.0,0.0,0.0,0.0,0.0,0.0,0.0,0.0,,,0.0,,,9,3,River,Sg Tengi,16.8
315,Sungai Tengi,5.79,2021-09-12,11.48,71.53,0.78,0.19,0.03,8.0,0.0,10.0,6.8,3.33,0.0,0.0,,,0.0,0.0,0.0,,,,0.0,0.5,0.0,0.0,0.0,,,,0.0,0.0,0.0,0.0,0.0,0.0,0.0,0.0,0.0,0.0,0.0,0.0,0.0,,,0.0,,,9,3,River,Sg Tengi,16.8
316,Sungai Tengi,5.69,2021-09-13,69.54,452.47,0.41,0.21,0.07,17.5,0.0,15.88,6.8,3.33,0.0,0.0,,,0.0,0.0,0.0,,,,0.0,0.5,0.0,0.0,0.0,,,,0.0,0.0,0.0,0.0,0.0,0.0,0.0,0.0,0.0,0.0,0.0,0.0,0.0,,,0.0,,,9,3,River,Sg Tengi,22.68
317,Sungai Tengi,5.8,2021-09-14,12.52,79.48,0.84,0.15,0.04,7.09,0.0,11.82,6.8,3.33,0.0,0.0,,,0.0,0.0,0.0,,,,0.0,0.5,0.0,0.0,0.0,,,,0.0,0.0,0.0,0.0,0.0,0.0,0.0,0.0,0.0,0.0,0.0,0.0,0.0,,,0.0,,,9,3,River,Sg Tengi,18.62
318,Sungai Tengi,5.83,2021-09-15,16.46,74.35,0.86,0.13,0.05,7.33,0.0,11.0,6.8,3.33,0.0,0.0,,,0.0,0.0,0.0,,,,0.0,0.5,0.0,0.0,0.0,,,,0.0,0.0,0.0,0.0,0.0,0.0,0.0,0.0,0.0,0.0,0.0,0.0,0.0,,,0.0,,,9,3,River,Sg Tengi,17.8
319,Sungai Tengi,5.84,2021-09-16,11.71,63.89,1.0,0.17,0.04,6.0,0.0,9.0,6.8,3.33,0.0,0.0,,,0.0,0.0,0.0,,,,0.0,0.5,0.0,0.0,0.0,,,,0.0,0.0,0.0,0.0,0.0,0.0,0.0,0.0,0.0,0.0,0.0,0.0,0.0,,,0.0,,,9,3,River,Sg Tengi,15.8
320,Sungai Tengi,5.74,2021-09-17,139.76,677.47,0.86,0.13,0.04,16.89,0.0,14.78,7.87,3.33,0.0,0.0,,,0.0,0.0,0.0,,,,0.0,0.54,0.0,0.0,0.0,,,,0.0,0.0,0.0,0.0,0.0,0.0,0.0,0.0,0.0,0.0,0.0,0.0,0.0,,,0.0,,,9,3,River,Sg Tengi,22.65
321,Sungai Tengi,5.34,2021-09-18,122.92,697.21,0.88,0.14,0.05,22.5,0.0,21.5,10.0,3.33,0.0,0.0,,,0.0,0.0,0.0,,,,0.0,0.63,0.0,0.0,0.0,,,,0.0,0.0,0.0,0.0,0.0,0.0,0.0,0.0,0.0,0.0,0.0,0.0,0.0,,,0.0,,,9,3,River,Sg Tengi,31.5
322,Sungai Tengi,5.31,2021-09-19,53.35,355.86,0.61,0.0,0.07,21.0,0.0,20.0,10.0,3.88,0.0,0.0,,,0.0,0.0,0.0,,,,0.0,0.56,0.0,0.0,0.0,,,,0.0,0.0,0.0,0.0,0.0,0.0,0.0,0.0,0.0,0.0,0.0,0.0,0.0,,,0.0,,,9,3,River,Sg Tengi,30.0
323,Sungai Tengi,5.08,2021-09-20,26.84,157.11,0.81,0.34,0.08,13.33,0.0,17.33,9.81,3.81,0.0,0.0,,,0.0,0.0,0.0,,,,0.0,0.55,0.0,0.0,0.0,,,,0.0,0.0,0.0,0.0,0.0,0.0,0.0,0.0,0.0,0.0,0.0,0.0,0.0,,,0.0,,,9,3,River,Sg Tengi,27.14
324,Sungai Tengi,5.37,2021-09-21,18.13,108.33,0.53,0.22,0.06,10.0,0.0,12.0,7.6,3.88,0.0,0.0,,,0.0,0.0,0.0,,,,0.0,0.56,0.0,0.0,0.0,,,,0.0,0.0,0.0,0.0,0.0,0.0,0.0,0.0,0.0,0.0,0.0,0.0,0.0,,,0.0,,,9,3,River,Sg Tengi,19.6
325,Sungai Tengi,5.27,2021-09-22,12.62,75.16,0.65,0.0,0.04,9.4,0.0,12.0,7.27,3.72,0.0,0.0,,,0.0,0.0,0.0,,,,0.0,0.53,0.0,0.0,0.0,,,,0.0,0.0,0.0,0.0,0.0,0.0,0.0,0.0,0.0,0.0,0.0,0.0,0.0,,,0.0,,,9,3,River,Sg Tengi,19.27
326,Sungai Tengi,5.26,2021-09-23,13.82,93.72,0.7,0.16,0.04,7.0,0.0,12.0,9.57,3.72,0.0,0.0,,,0.0,0.0,0.0,,,,0.0,0.53,0.0,0.0,0.0,,,,0.0,0.0,0.0,0.0,0.0,0.0,0.0,0.0,0.0,0.0,0.0,0.0,0.0,,,0.0,,,9,3,River,Sg Tengi,21.57
327,Sungai Tengi,5.61,2021-09-24,10.35,62.5,0.71,0.14,0.03,6.6,0.0,9.6,7.65,3.19,0.0,0.0,,,0.0,0.0,0.0,,,,0.0,0.53,0.0,0.0,0.0,,,,0.0,0.0,0.0,0.0,0.0,0.0,0.0,0.0,0.0,0.0,0.0,0.0,0.0,,,0.0,,,9,3,River,Sg Tengi,17.25
328,Sungai Tengi,5.81,2021-09-25,10.62,66.67,0.4,0.17,0.08,6.0,0.0,9.0,7.65,3.19,0.0,0.0,,,0.0,0.0,0.0,,,,0.0,0.53,0.0,0.0,0.0,,,,0.0,0.0,0.0,0.0,0.0,0.0,0.0,0.0,0.0,0.0,0.0,0.0,0.0,,,0.0,,,9,3,River,Sg Tengi,16.65
329,Sungai Tengi,5.7,2021-09-26,179.84,787.26,0.55,1.12,0.13,16.89,0.0,15.11,7.65,3.19,0.0,0.0,,,0.0,0.0,0.0,,,,0.0,0.6,0.0,0.0,0.0,,,,0.0,0.0,0.0,0.0,0.0,0.0,0.0,0.0,0.0,0.0,0.0,0.0,0.0,,,0.0,,,9,3,River,Sg Tengi,22.759999999999998
330,Sungai Tengi,5.28,2021-09-27,32.07,196.94,0.4,0.17,0.06,12.0,0.0,15.0,7.65,3.19,0.0,0.0,,,0.0,0.0,0.0,,,,0.0,0.5,0.0,0.0,0.0,,,,0.0,0.0,0.0,0.0,0.0,0.0,0.0,0.0,0.0,0.0,0.0,0.0,0.0,,,0.0,,,9,3,River,Sg Tengi,22.65
331,Sungai Tengi,5.23,2021-09-28,16.4,100.78,0.54,0.13,0.07,9.56,0.0,14.0,7.65,3.19,0.0,0.0,,,0.0,0.0,0.0,,,,0.0,0.5,0.0,0.0,0.0,,,,0.0,0.0,0.0,0.0,0.0,0.0,0.0,0.0,0.0,0.0,0.0,0.0,0.0,,,0.0,,,9,3,River,Sg Tengi,21.65
332,Sungai Tengi,5.36,2021-09-29,17.39,139.17,0.5,0.15,0.09,8.0,0.0,14.0,7.65,3.19,0.0,0.0,,,0.0,0.0,0.0,,,,0.0,0.5,0.0,0.0,0.0,,,,0.0,0.0,0.0,0.0,0.0,0.0,0.0,0.0,0.0,0.0,0.0,0.0,0.0,,,0.0,,,9,3,River,Sg Tengi,21.65
333,Sungai Tengi,5.4,2021-09-30,12.18,73.11,0.55,0.12,0.05,7.0,0.0,9.0,7.65,3.19,0.0,0.0,,,0.0,0.0,0.0,,,,0.0,0.5,0.0,0.0,0.0,,,,0.0,0.0,0.0,0.0,0.0,0.0,0.0,0.0,0.0,0.0,0.0,0.0,0.0,,,0.0,,,9,3,River,Sg Tengi,16.65
